NAME,1992,1993,1994,1995,1996,1997,1998,1999,2000,2001,2002,2003,2004,2005,2006,2007,2008,2009,2010,2011,2012,2013,2014,2015,2016,2017,2018,2019,2020,2021,2022
"ABRAHAM 2.5 N, UT US",,,,,,,,,,,,,,,,,2.12,3.17,6.58,9.57,4.31,6.69,6.82,6.86,,,,,,,
"AGUA CANYON, UT US",,,7.5,0.0,24.05,30.36,35.55,21.27,22.17,20.67,14.59,14.76,35.27,28.05,0.0,16.19,21.45,14.65,33.93,20.87,17.46,24.36,18.27,29.38,22.439999999999998,17.68,21.47,28.47,9.07,21.46,18.18
"ALLEN S RANCH, UT US",5.76,4.91,6.85,13.0,9.200000000000001,11.33,7.66,12.0,9.32,7.37,,,,,,,,,,,,,,,,,,,,,
"ALPINE, UT US",,13.05,20.36,40.5,22.31,21.34,25.22,19.53,19.57,15.44,12.379999999999999,20.18,20.94,30.12,97.4,17.2,16.73,24.78,27.35,24.48,18.78,17.79,22.62,20.18,20.11,18.61,15.09,29.310000000000002,13.600000000000001,18.509999999999998,16.72
"ALTA, UT US",31.5,49.71,37.67,521.6,41.050000000000004,40.26,48.74,42.68,45.42,30.99,25.74,32.739999999999995,29.29,38.06,530.1,34.03,61.35,56.07,69.39,55.06,50.45,48.19,62.76,49.17,52.35,55.54,44.76,65.49,37.910000000000004,53.37,47.129999999999995
"ALTAMONT, UT US",8.44,11.63,7.819999999999999,11.0,10.3,15.13,11.219999999999999,8.96,,4.93,5.66,8.57,11.44,9.72,31.0,6.43,9.49,9.49,11.85,2.06,4.78,8.03,9.16,11.69,10.67,10.89,7.75,12.88,4.22,8.35,7.69
"ALTON, UT US",20.01,25.009999999999998,13.11,85.8,12.98,17.71,22.55,13.16,15.2,13.7,11.350000000000001,14.43,21.39,25.37,77.6,10.7,15.95,11.91,26.84,15.1,17.09,16.09,15.89,24.35,20.509999999999998,15.17,14.32,25.51,7.67,18.77,17.93
"AMERICAN FORK 1.1 ESE, UT US",,,,,,,,,,,,,,,,,,,,,,6.88,15.45,13.5,12.58,10.63,10.53,18.91,7.14,14.64,10.08
"AMERICAN FORK 1.4 NW, UT US",,,,,,,,,,,,,,,,,3.8899999999999997,11.76,,,,,,,,,,,,,
"ANETH PLANT, UT US",7.0600000000000005,11.35,7.17,0.0,4.4,4.5,10.85,5.29,7.180000000000001,4.94,1.98,5.25,7.33,7.26,0.0,8.31,1.12,,,,,,,,,,,,,,
"ANGLE, UT US",10.43,9.3,8.68,20.5,7.9399999999999995,12.36,9.780000000000001,8.41,8.35,7.32,6.99,7.03,8.58,8.89,26.0,9.52,5.18,3.67,8.69,6.37,4.6899999999999995,0.56,7.98,7.5600000000000005,8.6,7.3100000000000005,6.99,10.86,3.78,9.43,6.59
"AQUA CANYON BRYCE CANYON NP., UT US",0.0,0.0,0.0,0.0,0.0,,0.0,0.0,0.0,0.0,0.0,0.0,0.0,0.0,0.0,0.0,0.0,0.0,0.0,0.0,0.0,0.0,0.0,0.0,0.0,0.0,0.0,0.0,0.0,0.0,0.0
"ARAGONITE UTAH, UT US",,,,,,0.0,0.0,0.0,0.0,0.0,0.0,0.0,0.0,0.0,0.0,0.0,0.0,0.0,0.0,0.0,0.0,0.0,0.0,0.0,0.0,0.0,0.0,0.0,0.0,0.0,0.0
"ARCHES NATIONAL PARK HQS, UT US",7.82,12.89,6.67,2.5,8.16,9.93,9.49,9.17,6.16,9.02,5.49,6.2,8.11,8.6,7.5,9.81,6.27,3.23,9.59,7.51,3.87,8.28,12.07,13.09,8.25,7.87,6.59,9.62,3.8899999999999997,8.71,9.56
"ASSAY HATCH 10 SW, UT US",0.0,0.0,0.0,0.0,0.0,0.0,0.0,0.0,0.0,0.0,0.0,0.0,0.0,0.0,0.0,0.0,0.0,0.0,0.0,0.0,0.0,0.0,0.0,0.0,0.0,0.0,0.0,0.0,0.0,0.0,0.0
"BADGER SPRING IVINS 14 W UTAH, UT US",0.0,0.0,0.0,0.0,0.0,0.0,0.0,0.0,0.0,0.0,0.0,0.0,0.0,0.0,0.0,0.0,0.0,0.0,0.0,0.0,0.0,0.0,0.0,0.0,0.0,0.0,0.0,0.0,0.0,0.0,0.0
"BARNEY RESERVOIR ESCALANTE 1, UT US",0.0,0.0,0.0,0.0,0.0,0.0,,,,,,,,,,,,,,,,,,,,,,,,,
"BARTHOLOMEW POWERHOU, UT US",25.14,32.65,15.41,,,,,,,,,,,,,,,,,,,,,,,,,,,,
"BEAR LAKE STATE PARK, UT US",12.93,16.63,11.68,0.0,16.78,11.69,17.8,10.59,11.91,9.209999999999999,7.6,5.74,11.52,16.41,62.8,8.379999999999999,9.209999999999999,3.86,13.8,12.28,10.67,11.27,19.11,13.0,18.16,1.62,0.43,3.59,5.39,,
"BEAR RIVER BAY, UT US",8.74,15.43,8.620000000000001,0.0,2.63,,,,,,,,,,,,,,,,,,,,,,,,,,
"BEAR RIVER CITY 2.3 WNW, UT US",,,,,,,,,,,,,,,,,,,,,,,,,,,6.38,23.73,7.8999999999999995,11.99,12.26
"BEAR RIVER RANGER STATION, UT US",,,,,,,,,,,,,,,,,,,8.39,28.87,17.64,22.04,24.25,17.94,24.439999999999998,27.14,18.13,26.84,16.15,24.75,24.73
"BEAR RIVER UTAH, UT US",,,,,,,,0.0,0.0,0.0,0.0,0.0,0.0,0.0,0.0,0.0,0.0,0.0,0.0,0.0,0.0,0.0,0.0,0.0,0.0,0.0,0.0,0.0,0.0,0.0,0.0
"BEAVER 0.5 WNW, UT US",,,,,,,,,,,,,,,,,,,,,,,,,,,,4.140000000000001,4.43,11.530000000000001,8.379999999999999
"BEAVER 0.8 E, UT US",,,,,,,,,,,,,,,,,,,,,,,,5.5600000000000005,14.25,11.03,11.86,17.34,5.78,13.66,11.8
"BEAVER 15 E, UT US",,,,,,,,,,,,,,,,,,,,3.17,21.39,24.12,7.79,,,,,,,,
"BEAVER CANYON POWER HOUSE, UT US",18.150000000000002,19.31,19.55,102.6,20.84,24.85,24.62,18.6,19.21,19.86,10.95,20.38,18.81,25.23,125.5,11.51,10.559999999999999,16.5,27.630000000000003,4.51,12.44,22.32,13.51,12.57,19.66,14.24,16.53,26.45,9.61,10.76,
"BEAVER DAMS, UT US",23.93,27.1,24.55,0.0,27.51,31.0,32.12,25.83,22.259999999999998,27.28,20.18,25.22,27.37,29.15,0.0,24.06,23.16,26.65,34.35,28.84,22.05,27.08,26.33,23.66,25.54,22.76,23.990000000000002,29.46,16.56,23.16,23.48
"BEAVER DIVIDE, UT US",24.15,30.85,25.72,0.0,36.94,29.419999999999998,29.740000000000002,28.68,26.94,21.84,21.259999999999998,23.42,26.43,32.230000000000004,0.0,21.54,24.82,29.25,36.76,31.87,23.94,23.44,32.07,20.759999999999998,28.64,31.48,21.74,32.45,19.55,30.869999999999997,26.259999999999998
"BEN LOMOND PEAK, UT US",41.54,67.56,52.65,0.0,77.49,53.53,77.09,49.55,59.66,51.07,43.68,48.269999999999996,60.27,79.03,0.0,44.05,55.45,67.86,67.03999999999999,61.269999999999996,50.45,32.54,52.260000000000005,41.45,61.22,62.46,39.98,73.17,32.58,48.480000000000004,45.980000000000004
"BEN LOMOND TRAIL, UT US",33.98,47.67,41.55,0.0,59.14,29.650000000000002,47.82,33.37,40.75,38.36,30.55,34.37,43.17,56.67,0.0,30.759999999999998,39.63,49.05,49.21,45.88,37.76,20.77,43.87,34.36,47.47,53.8,28.47,51.17,23.560000000000002,33.86,33.69
"BENSON 1.0 SSW, UT US",,,,,,,,,,,,,,,,,,3.66,12.85,,,,,,,,,,,,
"BEVANS CABIN, UT US",,,,,,,,,,,,,,,,,,,,,8.69,29.1,29.66,29.2,31.96,30.669999999999998,22.27,39.49,17.06,31.58,27.28
"BIG FLAT, UT US",30.36,33.44,30.04,0.0,36.94,41.45,44.24,28.66,32.26,31.01,19.55,30.130000000000003,32.13,38.72,0.0,28.93,30.64,31.33,48.230000000000004,32.06,30.55,32.14,26.95,34.46,33.71,31.44,33.05,46.660000000000004,17.07,39.57,25.79
"BIG INDIAN VALLEY LASAL 6 S U, UT US",0.0,0.0,0.0,0.0,0.0,0.0,0.0,0.0,0.0,0.0,0.0,0.0,0.0,0.0,0.0,0.0,0.0,0.0,0.0,0.0,0.0,0.0,0.0,0.0,0.0,0.0,0.0,0.0,0.0,0.0,0.0
"BIG WATER, UT US",10.25,9.01,5.01,0.0,5.59,7.1,6.5200000000000005,4.09,6.85,5.76,2.48,1.32,9.84,5.45,4.4,5.78,4.55,3.7199999999999998,9.05,1.19,2.8,10.35,1.8,10.02,7.949999999999999,6.54,7.68,8.98,0.51,4.9,7.28
"BIRDSEYE, UT US",2.09,,,,,,,,,,,,,,,,,,,,,,,,,,,,,,
"BLACK CEDAR FILMORE 5 E UTAH, UT US",0.0,0.0,0.0,0.0,0.0,0.0,0.0,0.0,0.0,0.0,0.0,0.0,0.0,0.0,0.0,0.0,0.0,0.0,0.0,0.0,0.0,0.0,0.0,0.0,0.0,0.0,0.0,0.0,0.0,0.0,0.0
"BLACK FLAT U.M. CK, UT US",20.93,20.77,18.84,0.0,22.73,26.51,27.2,20.35,20.66,18.28,13.78,17.85,22.15,21.77,0.0,18.74,19.88,18.35,26.54,25.34,19.25,20.43,22.84,22.56,19.74,22.57,21.26,23.86,13.06,26.28,14.86
"BLACK ROCK, UT US",7.199999999999999,11.03,11.9,4.1,7.6000000000000005,12.280000000000001,13.41,6.24,10.54,6.08,5.68,5.57,10.39,8.59,0.0,5.859999999999999,7.63,6.18,13.11,12.59,6.61,8.09,10.9,8.15,6.84,8.799999999999999,9.37,10.66,4.71,11.29,6.73
"BLACKS FORK COMMISSARY, UT US",,,,,,,,,,,,,,,,,,,,,,,,,,,,,,,0.0
"BLACKS FORK JCT, UT US",,,,,,,,,,,,,,,,,,,6.79,31.86,18.55,20.75,26.26,20.55,23.66,24.26,16.36,24.18,16.94,22.64,24.06
"BLACKTAIL UTAH, UT US",,,,,,,,,,,0.0,0.0,0.0,0.0,0.0,0.0,0.0,0.0,0.0,0.0,0.0,0.0,0.0,0.0,0.0,0.0,0.0,0.0,0.0,0.0,0.0
"BLANDING 0.3 WSW, UT US",,,,,,,,,,,,,,,,,,,,,,,,,,,,,,6.07,7.22
"BLANDING 26 SSW, UT US",,,,,,,,,,,,,,,,,,,3.33,3.83,5.78,7.84,1.21,,,,,,,,
"BLANDING 3.9 ENE, UT US",,,,,,,,,,,,,,,,,,,,,,,,,,,,,,9.23,10.36
"BLANDING, UT US",15.33,17.68,14.690000000000001,26.5,12.44,20.07,14.23,9.91,14.790000000000001,12.39,7.89,12.48,15.39,15.33,22.0,13.29,16.9,11.35,16.810000000000002,9.67,8.18,13.52,9.1,19.96,10.47,7.09,8.51,13.530000000000001,5.73,10.73,8.43
"BLOWHARD MOUNTAIN RADAR, UT US",28.869999999999997,28.37,28.75,254.9,27.45,30.259999999999998,35.57,21.26,29.29,31.42,20.54,20.04,28.02,30.830000000000002,143.9,,,,,,,,,,,,,,,,
"BLUFF 32 NW, UT US",,,,,,,,,,,,,,,,,,,4.6,6.7,10.06,13.620000000000001,2.96,,,,,,,,
"BLUFF, UT US",10.17,10.77,5.7,1.0,6.22,9.48,4.69,6.36,7.4799999999999995,9.0,5.24,6.5600000000000005,8.879999999999999,7.44,4.8,7.57,7.4,3.29,9.19,4.66,6.47,9.1,4.68,15.5,8.19,4.25,4.9,7.7,3.73,5.66,8.04
"BONANZA, UT US",7.970000000000001,1.86,,,,,,,,,,,,,,,,,,,,,,,,,,,,,
"BOTHWELL 0.9 ENE, UT US",,,,,,,,,,,,,,,,,,,,4.22,6.05,10.370000000000001,12.71,6.08,,2.9,,,,,
"BOTHWELL 2.6 WSW, UT US",,,,,,,,,,,,,,,,,,,,4.6000000000000005,7.88,8.82,12.02,13.780000000000001,19.78,17.14,6.209999999999999,9.68,,,
"BOULDER 1.3 NNW, UT US",,,,,,,,,,,,,,,,,,4.46,20.42,12.19,9.01,14.959999999999999,8.19,16.08,10.92,10.799999999999999,8.12,14.12,4.85,10.43,4.09
"BOULDER, UT US",14.18,14.33,8.71,31.0,8.17,14.92,13.049999999999999,12.06,8.99,11.26,6.52,9.42,14.74,16.73,49.9,9.26,9.030000000000001,9.66,19.86,12.15,9.77,17.31,9.51,18.45,15.3,10.84,8.71,14.32,5.54,11.25,9.790000000000001
"BOUNTIFUL 0.6 SW, UT US",,,,,,,,,,,,,,,,,,,,,,,,,,,,,2.44,,12.23
"BOUNTIFUL 0.8 SE, UT US",,,,,,,,,,,,,,,,,1.5,,,8.09,17.05,,,,3.3000000000000003,,,4.66,13.66,19.27,18.66
"BOUNTIFUL 1.3 S, UT US",,,,,,,,,,,,,,,,,,2.41,26.86,27.45,21.61,16.18,20.61,20.240000000000002,11.379999999999999,,,,,,
"BOUNTIFUL 1.7 NE, UT US",,,,,,,,,,,,,,,,,5.8500000000000005,13.42,7.82,19.48,,,,,,,,,,,
"BOUNTIFUL 2.0 SW, UT US",,,,,,,,,,,,,,,,,,,,,,,,,,,,,5.2,20.63,18.99
"BOUNTIFUL BENCH, UT US",21.5,32.08,29.69,91.0,31.84,29.16,38.33,25.42,24.83,26.27,18.42,23.94,27.349999999999998,32.19,138.1,22.49,23.08,29.3,33.09,34.9,23.21,22.82,23.53,29.89,29.54,26.62,24.990000000000002,32.34,15.07,25.28,22.83
"BOUNTIFUL VAL VERDA, UT US",16.98,26.14,24.8,41.3,21.880000000000003,24.46,28.64,20.3,23.06,23.11,16.14,20.37,25.31,27.169999999999998,70.9,20.61,16.36,26.0,28.06,28.17,17.55,18.82,9.76,,,,,,,,
"BOX CREEK, UT US",25.07,26.91,24.24,0.0,29.11,30.02,31.02,25.36,23.57,22.96,19.16,25.36,27.87,27.71,0.0,21.82,27.25,23.18,32.49,26.35,25.88,23.47,18.16,22.28,20.04,18.98,16.28,24.07,12.15,21.67,15.059999999999999
"BRIAN HEAD, UT US",35.3,39.43,36.25,449.6,32.92,38.85,41.85,29.28,32.44,31.68,19.54,23.8,40.34,43.2,322.5,23.81,11.940000000000001,9.62,,6.48,31.29,26.95,25.13,32.15,28.15,30.27,26.47,41.27,14.18,31.04,26.97
"BRIGHAM CITY 0.6 W, UT US",,,,,,,,,,,,,,,,,,,,,,,,2.4699999999999998,22.91,19.14,14.98,25.57,9.93,16.55,18.36
"BRIGHAM CITY 1.2 N, UT US",,,,,,,,,,,,,,,,,6.49,25.22,26.83,28.8,16.64,17.78,19.66,13.58,27.23,19.47,16.39,27.75,11.66,18.33,19.29
"BRIGHAM CITY 28 WNW, UT US",,,,,,,,,,,,,,,,1.91,9.65,16.0,16.33,13.2,9.72,8.21,15.24,13.49,16.689999999999998,15.83,11.16,20.88,9.05,9.95,11.29
"BRIGHAM CITY WASTE PLANT, UT US",12.75,20.87,15.05,24.0,17.759999999999998,13.91,23.9,12.91,13.05,11.55,11.99,8.1,17.240000000000002,22.61,33.0,11.91,7.71,12.78,15.42,17.759999999999998,10.33,10.34,15.459999999999999,17.41,20.46,16.14,12.55,21.89,7.06,9.4,13.6
"BRIGHTON, UT US",34.85,48.82,43.22,0.0,53.97,41.82,47.24,39.14,37.92,37.25,31.78,36.66,42.74,47.95,0.0,32.57,46.05,37.94,53.95,42.050000000000004,34.14,30.24,40.67,34.52,40.35,44.67,35.96,49.65,25.57,43.58,37.53
"BRIMSTONE RES. MILFORD 20 WSW, UT US",0.0,0.0,0.0,0.0,0.0,0.0,0.0,0.0,0.0,0.0,0.0,0.0,0.0,0.0,0.0,0.0,0.0,0.0,0.0,0.0,0.0,0.0,0.0,0.0,0.0,0.0,0.0,0.0,0.0,0.0,0.0
"BROWN DUCK, UT US",25.82,33.65,32.71,0.0,42.79,38.0,43.51,37.54,34.64,27.419999999999998,25.74,32.51,38.84,38.85,0.0,26.12,31.939999999999998,31.419999999999998,41.46,39.06,24.54,29.7,33.53,29.01,32.81,34.96,26.75,42.449999999999996,19.03,35.72,27.63
"BRUIN POINT SUNNYSIDE 6 NNE U, UT US",0.0,0.0,0.0,0.0,0.0,0.0,0.0,0.0,0.0,0.0,0.0,0.0,0.0,0.0,0.0,0.0,0.0,0.0,0.0,0.0,0.0,0.0,0.0,0.0,0.0,0.0,0.0,0.0,0.0,0.0,0.0
"BRYCE CANYON AIRPORT, UT US",,,,,,,,,0.35,9.28,6.86,9.82,13.959999999999999,12.83,0.0,8.959999999999999,6.55,6.38,16.55,12.02,9.35,16.46,14.129999999999999,17.740000000000002,11.23,9.65,9.7,14.05,4.95,11.4,9.42
"BRYCE CANYON NATIONAL PARK HQRS, UT US",21.81,25.07,13.99,112.8,10.33,21.83,23.42,11.79,18.45,13.14,9.0,10.790000000000001,21.83,21.9,86.1,9.32,5.08,8.78,24.240000000000002,14.24,12.58,20.04,13.450000000000001,29.4,15.75,11.23,12.42,21.98,9.26,15.620000000000001,14.26
"BRYCE CANYON UTAH, UT US",,,,,,,,,,,,0.0,0.0,0.0,0.0,0.0,0.0,0.0,0.0,0.0,0.0,0.0,0.0,0.0,0.0,0.0,0.0,0.0,0.0,0.0,0.0
"BRYSON CANYON UTAH, UT US",0.0,0.0,0.0,0.0,0.0,0.0,0.0,0.0,0.0,0.0,0.0,0.0,0.0,0.0,0.0,0.0,0.0,0.0,0.0,0.0,0.0,0.0,0.0,0.0,0.0,0.0,0.0,0.0,0.0,0.0,0.0
"BUCK FLAT ESCALANTE 10 NW UTA, UT US",0.0,0.0,0.0,0.0,0.0,0.0,0.0,0.0,0.0,0.0,0.0,0.0,0.0,0.0,0.0,0.0,0.0,0.0,0.0,0.0,0.0,0.0,0.0,0.0,0.0,0.0,0.0,0.0,0.0,0.0,0.0
"BUCK FLAT, UT US",26.59,32.36,26.07,0.0,37.480000000000004,38.58,35.73,27.95,31.560000000000002,27.66,24.25,26.25,31.74,36.42,0.0,26.05,24.34,31.35,37.35,34.660000000000004,24.37,29.259999999999998,32.66,26.95,30.93,32.47,27.67,35.56,19.25,31.54,28.55
"BUCK PASTURE, UT US",,,,,,,,,,,,,,,,,,,,0.0,8.26,27.07,35.56,25.23,33.6,33.68,26.37,33.54,22.82,33.38,31.75
"BUCKBOARD FLAT, UT US",,,,,,,,,,,,,,,,,,,,,5.3,29.48,23.17,37.05,31.35,22.78,26.39,38.68,17.89,32.2,28.77
"BUES CANYON UTAH, UT US",0.0,0.0,,0.0,0.0,0.0,0.0,0.0,0.0,0.0,0.0,0.0,0.0,0.0,0.0,0.0,0.0,0.0,0.0,0.0,0.0,0.0,0.0,0.0,0.0,0.0,0.0,0.0,0.0,0.0,0.0
"BUG LAKE, UT US",20.75,30.509999999999998,26.02,0.0,41.01,32.43,35.2,30.07,26.03,21.35,21.85,26.47,28.56,32.54,0.0,20.97,26.92,27.95,36.94,36.160000000000004,24.66,24.24,36.19,27.13,31.76,42.76,24.56,35.04,23.27,28.36,25.45
"BULLFROG 8 N, UT US",,,,,,,,0.06,1.53,4.83,,,,,,,,,,,,,,,,,,,,,
"BULLFROG BASIN, UT US",,,,,,7.03,7.470000000000001,4.48,3.5300000000000002,5.3,5.51,4.25,6.28,6.49,2.7,6.32,3.52,3.42,10.91,1.9500000000000002,2.8200000000000003,7.71,4.64,9.61,6.19,5.85,6.36,8.25,3.19,3.82,2.77
"BURTS MILLER RANCH, UT US",,,,,,,,,,,,,,,,,,4.97,23.84,26.38,11.719999999999999,12.17,13.43,10.33,13.45,16.45,9.95,14.65,9.540000000000001,13.83,17.66
"CALLAO, UT US",4.78,7.71,5.68,7.0,6.4399999999999995,10.6,9.82,4.71,6.46,4.49,4.14,6.18,7.09,9.14,1.5,3.88,3.58,7.59,8.08,9.66,5.64,6.92,5.59,6.89,7.21,6.17,5.49,10.9,2.9699999999999998,5.71,6.13
"CAMP JACKSON, UT US",38.06,38.04,30.650000000000002,0.0,24.45,33.87,30.84,24.560000000000002,28.06,24.35,18.39,25.48,32.54,39.26,0.0,26.759999999999998,32.75,24.56,38.94,26.96,20.09,31.240000000000002,22.34,34.74,35.16,22.28,23.759999999999998,41.99,14.18,30.47,22.39
"CANYON BREEZE RANCH, UT US",,,,,,,,,,,,,,,,9.5,16.560000000000002,12.13,,,0.48,,,,,,,,,,
"CANYONLANDS THE NECK, UT US",6.91,11.11,5.43,5.3999999999999995,7.859999999999999,9.22,10.34,11.209999999999999,7.85,9.2,7.54,7.35,10.11,8.620000000000001,24.9,10.18,8.459999999999999,3.17,10.53,9.209999999999999,6.54,9.1,9.78,15.43,8.549999999999999,6.699999999999999,8.02,10.3,5.62,10.72,12.74
"CANYONLANDS THE NEEDLES, UT US",5.28,7.02,7.510000000000001,2.0,6.0600000000000005,10.200000000000001,8.2,10.29,5.23,6.4,4.74,6.0,7.61,9.49,24.0,9.45,8.45,4.29,8.6,5.01,5.88,8.51,7.55,13.66,8.32,6.99,8.28,9.17,3.9499999999999997,7.6899999999999995,8.91
"CAPITOL REEF NATIONAL PARK, UT US",8.49,9.16,6.84,15.3,4.88,11.64,8.74,6.4,6.590000000000001,8.16,4.75,5.74,9.34,10.31,8.2,5.42,3.73,4.87,12.91,8.31,5.21,12.35,6.68,11.97,7.8,6.510000000000001,6.12,8.87,4.71,10.83,4.39
"CART CREEK UTAH, UT US",0.0,0.0,0.0,0.0,0.0,0.0,0.0,0.0,0.0,0.0,0.0,0.0,0.0,0.0,0.0,0.0,0.0,0.0,0.0,0.0,0.0,0.0,0.0,0.0,0.0,0.0,0.0,0.0,0.0,0.0,0.0
"CASCADE MOUNTAIN, UT US",,,,,,,,,,,6.8,34.95,34.96,49.24,0.0,33.54,29.869999999999997,41.69,43.66,35.75,29.06,23.63,33.47,30.17,28.87,31.37,28.35,39.26,19.94,37.449999999999996,27.240000000000002
"CASTLE DALE 0.8 NW, UT US",,,,,,,,,,,,,,,,,,,,,,,,,,,,,,2.5300000000000002,2.65
"CASTLE DALE, UT US",8.8,11.14,5.83,4.0,9.05,11.73,9.43,7.72,8.05,7.1,5.21,5.32,11.24,9.450000000000001,28.0,8.1,4.87,4.04,8.34,1.93,4.7,9.68,7.17,10.92,8.43,6.24,8.46,9.61,4.7,7.35,4.72
"CASTLE VALLEY 0.6 W, UT US",,,,,,,,,,,,,,,,,,,1.6600000000000001,2.46,1.54,11.83,11.72,15.89,9.27,9.43,8.5,13.64,6.53,9.620000000000001,12.16
"CASTLE VALLEY 0.7 WNW, UT US",,,,,,,,,,,,,,,,,,,,,,,,10.01,9.54,9.4,10.15,15.96,6.4799999999999995,0.38,
"CASTLE VALLEY 1 NE, UT US",,,,,,,,,,,,,,,,,,3.37,11.82,5.52,3.7,10.59,8.57,,,,,,,,
"CASTLE VALLEY 1 SE, UT US",,,,,,,,,,,,,,,,,,,,,,,,16.3,11.86,8.82,10.39,15.87,6.45,13.26,13.55
"CASTLE VALLEY, UT US",39.0,43.23,34.52,0.5,38.82,41.92,43.19,33.79,35.74,29.48,20.99,26.88,39.82,44.05,16.5,31.08,32.730000000000004,23.65,39.03,27.66,25.38,27.36,20.97,28.169999999999998,24.81,27.25,23.99,35.97,11.58,27.59,25.47
"CASTLEDALE HTR UP AND L, UT US",11.39,8.66,6.3999999999999995,3.5,8.28,13.2,8.87,6.779999999999999,10.17,6.59,7.06,7.8100000000000005,8.9,7.63,12.0,,,,,,,,,,,,,,,,
"CEDAR BREAKS N.M., UT US",,,,,,,,,,,,,,,,,,,,,,,,,,,2.54,4.5,0.0,6.6499999999999995,6.7
"CEDAR CITY 1.8 S, UT US",,,,,,,,,,,,,,,,,0.26,3.2,4.84,1.12,3.55,5.57,1.16,0.95,2.6500000000000004,6.5,0.58,,,,
"CEDAR CITY 18 SSE, UT US",,,,,,,,,,,,,,,,,,,19.41,17.38,18.71,15.690000000000001,4.26,,,,,,,,
"CEDAR CITY 4.4 SW, UT US",,,,,,,,,,,,,,,,,,,,,,,,,8.04,10.92,13.63,17.68,6.7299999999999995,10.709999999999999,12.72
"CEDAR CITY 5 E, UT US",10.5,14.870000000000001,6.91,53.400000000000006,15.68,12.209999999999999,18.72,9.04,5.57,4.180000000000001,5.24,9.7,18.46,22.13,71.0,13.53,15.8,13.08,26.939999999999998,9.790000000000001,16.69,19.12,17.64,23.990000000000002,15.78,16.39,18.81,24.29,8.53,17.95,15.0
"CEDAR CITY 5.6 NW, UT US",,,,,,,,,,,,,,,,,,,,,,,,,,,6.0600000000000005,7.43,7.08,7.55,10.239999999999998
"CEDAR CITY 6.2 NNW, UT US",,,,,,,,,,,,,,,,,5.92,5.62,19.07,14.34,10.370000000000001,11.91,4.34,,,,,,,,
"CEDAR CITY AIRPORT, UT US",11.56,11.03,10.809999999999999,25.1,10.53,10.74,12.91,7.09,13.059999999999999,9.74,5.24,8.84,12.82,13.870000000000001,0.0,9.86,9.61,8.86,16.43,15.24,12.27,14.99,9.82,13.370000000000001,10.77,9.57,9.48,13.059999999999999,4.8100000000000005,10.33,7.8
"CEDAR CITY, UT US",,,,,,,,,10.35,12.14,7.5600000000000005,8.83,15.2,14.78,69.7,11.399999999999999,11.09,9.39,19.08,6.97,6.87,13.65,12.879999999999999,16.29,9.68,6.62,7.49,4.75,5.54,8.77,11.059999999999999
"CEDAR MOUNTAINS STOCKTON 24 W, UT US",0.0,0.0,0.0,0.0,0.0,0.0,,,0.0,0.0,0.0,0.0,0.0,0.0,0.0,0.0,0.0,0.0,0.0,0.0,0.0,0.0,0.0,0.0,0.0,0.0,0.0,0.0,0.0,0.0,0.0
"CEDAR POINT, UT US",17.09,21.12,15.549999999999999,55.0,15.47,21.57,15.48,13.17,13.82,11.83,8.98,11.290000000000001,16.830000000000002,19.41,39.5,16.01,14.04,9.44,18.36,10.36,8.76,15.06,11.02,21.64,14.76,11.37,1.28,,,,
"CEDAR VALLEY 1.9 S, UT US",,,,,,,,,,,,,,,,,,,,,,,,,,,,1.6600000000000001,4.16,11.190000000000001,9.14
"CENTERVILLE 0.8 NE, UT US",,,,,,,,,,,,,,,,,8.57,25.490000000000002,26.89,29.91,20.47,20.04,14.51,,18.380000000000003,23.16,18.26,23.96,2.16,,
"CENTERVILLE 1.3 N, UT US",,,,,,,,,,,,,,,,,,,,,,,,,,,,,8.09,16.57,11.68
"CHALK CREEK NUMBER 1, UT US",33.730000000000004,42.55,35.69,0.0,49.010000000000005,40.72,44.88,38.42,37.64,31.74,28.740000000000002,35.61,35.63,40.4,0.0,33.68,42.05,44.66,49.12,44.589999999999996,31.16,32.07,36.67,31.75,38.36,46.97,27.47,35.67,24.6,37.85,36.45
"CHALK CREEK NUMBER 2, UT US",24.65,33.54,26.44,0.0,32.91,32.01,33.36,27.62,28.03,26.25,23.35,29.54,30.150000000000002,30.75,0.0,25.740000000000002,30.41,34.72,36.45,33.87,23.45,25.36,29.619999999999997,23.349999999999998,28.759999999999998,33.57,21.74,31.54,17.52,32.72,29.04
"CHEPETA UTAH, UT US",,,,,,,0.0,0.0,0.0,0.0,0.0,0.0,0.0,0.0,0.0,0.0,0.0,0.0,0.0,0.0,0.0,0.0,0.0,0.0,0.0,0.0,0.0,0.0,0.0,0.0,0.0
"CHEPETA, UT US",28.73,28.740000000000002,31.11,0.0,33.71,34.34,38.02,32.37,30.759999999999998,27.56,21.85,31.04,36.35,28.83,0.0,26.04,25.66,27.85,36.33,38.160000000000004,23.52,24.02,25.45,29.83,34.01,25.95,22.84,37.45,19.31,31.939999999999998,29.869999999999997
"CIRCLEVILLE 0.7 W, UT US",,,,,,,,,,,,,,,,,,1.17,11.73,13.48,6.57,11.11,10.02,11.82,10.24,9.27,11.08,11.81,3.2199999999999998,,
"CIRCLEVILLE, UT US",9.57,10.0,7.95,19.1,8.79,15.71,12.07,7.32,10.69,7.4,7.61,5.49,10.81,13.64,9.3,5.97,7.28,3.45,1.0,,,,,,,,,,,,
"CITY CREEK WATER PLANT, UT US",22.46,32.69,26.92,77.5,31.94,29.85,35.47,25.240000000000002,23.56,24.28,17.93,24.4,25.810000000000002,29.66,160.6,22.04,22.740000000000002,30.67,30.69,27.93,9.45,18.23,24.189999999999998,23.669999999999998,25.29,26.64,19.220000000000002,33.64,14.22,26.939999999999998,22.52
"CLARKSTON 0.5 SW, UT US",,,,,,,,,,,,,,,,,,,,,,,,,,,,4.4399999999999995,15.190000000000001,19.0,15.83
"CLAYTON SPRINGS, UT US",,,,,,,,,10.0,25.36,16.87,19.16,31.37,30.85,0.0,23.54,22.38,22.24,37.94,31.740000000000002,26.369999999999997,31.27,23.05,27.87,22.84,23.95,23.45,35.97,13.26,26.25,22.05
"CLEAR CREEK NUMBER 1, UT US",25.12,30.94,30.97,0.0,38.72,34.95,31.94,28.08,31.13,24.73,21.98,29.17,28.66,35.54,0.0,28.119999999999997,32.12,35.26,42.86,31.28,29.880000000000003,36.16,39.68,22.86,28.77,31.69,28.89,40.37,19.68,33.74,27.29
"CLEAR CREEK NUMBER 2, UT US",21.45,27.36,24.25,0.0,34.45,32.1,26.330000000000002,24.84,26.34,20.95,19.07,23.88,23.45,29.15,0.0,24.34,29.83,31.13,34.230000000000004,27.54,24.03,22.25,28.05,18.759999999999998,25.36,25.87,24.25,33.26,15.66,31.310000000000002,22.27
"CLEARFIELD 1.7 WSW, UT US",,,,,,,,,,,,,,,,,,,,,,,,,,,,,,9.76,10.620000000000001
"CLINTON 0.9 WNW, UT US",,,,,,,,,,,,,,,,,,,,,,,,,,,,,,4.76,10.43
"COALVILLE 0.3 WSW, UT US",,,,,,,,,,,,,,,,,,,,,,,,,,,,1.2,1.13,,
"COALVILLE 13 E, UT US",,,,0.0,10.469999999999999,12.74,19.77,13.49,11.48,10.22,10.29,14.33,13.1,8.06,96.6,7.05,12.07,17.82,20.91,4.609999999999999,11.25,12.83,8.23,10.48,12.7,17.13,,,,,
"COALVILLE, UT US",10.64,19.72,16.02,43.0,20.69,18.11,20.57,13.68,17.04,13.91,11.39,16.26,16.7,16.31,81.4,13.22,13.68,17.84,19.48,3.64,5.78,,,,,,,,,,
"CORINNE, UT US",11.01,21.009999999999998,15.43,21.1,20.11,17.39,13.32,,,,,5.18,6.66,16.48,0.0,,,,,,,,,,,,,,,,
"CORRAL, UT US",,,,,,,,,,,,,,,,,,,,,,14.77,19.59,28.66,25.77,,,,,,
"COTTONWOOD HEIGHTS 1.3 WSW, UT US",,,,,,,,,,,,,,,,,,,1.42,,,,,,,,,,,,
"COTTONWOOD HEIGHTS 1.5 SE, UT US",,,,,,,,,,,,,,,,,9.85,21.62,23.28,30.55,18.61,20.1,22.11,20.66,19.76,14.58,19.51,31.52,11.58,9.21,
"COTTONWOOD HEIGHTS 1.6 SE, UT US",,,,,,,,,,,,,,,,,10.05,18.82,8.33,25.51,17.61,19.25,16.759999999999998,23.41,23.19,20.08,15.940000000000001,32.4,12.94,25.04,20.509999999999998
"COTTONWOOD WASH UTAH, UT US",0.0,0.0,0.0,0.0,0.0,0.0,,,,,,,,,,,,,,,,,,,,,,,,,
"COTTONWOOD WEIR, UT US",21.19,32.63,27.48,87.0,29.9,30.31,33.55,23.39,22.65,12.87,13.879999999999999,19.64,21.830000000000002,28.240000000000002,87.3,22.42,22.970000000000002,24.43,25.92,4.17,17.81,20.6,19.8,24.16,22.12,24.09,19.67,30.900000000000002,12.27,25.28,20.96
"CRATER KNOLL BEAVER 14 NNW UT, UT US",0.0,0.0,0.0,0.0,0.0,0.0,,,,,,,,,,,,,,,,,,,,,,,,,
"CURRANT CREEK JCT, UT US",12.93,14.51,11.97,49.5,10.31,,,,,,,,,,,,,,,,,,,,,,,,,,
"CURRANT CREEK, UT US",18.06,24.46,22.05,0.0,29.85,26.029999999999998,26.03,21.47,21.97,18.36,15.38,20.580000000000002,24.380000000000003,24.97,0.0,17.34,23.56,21.02,30.54,24.419999999999998,18.54,16.73,24.14,18.54,22.03,26.46,18.560000000000002,28.75,13.75,25.060000000000002,20.939999999999998
"CUTLER DAM, UT US",11.219999999999999,16.37,13.86,31.2,18.86,19.41,17.21,14.55,15.14,12.98,13.32,11.27,20.81,27.85,16.5,9.77,13.47,8.75,16.92,20.09,12.780000000000001,10.86,19.419999999999998,17.7,23.08,18.61,12.47,21.72,11.19,15.5,13.39
"DANIELS STRAWBERRY, UT US",25.240000000000002,32.11,29.57,0.0,44.15,33.61,34.52,27.04,28.98,23.95,22.94,25.84,31.14,32.65,0.0,24.03,31.02,29.01,41.19,28.939999999999998,23.73,18.62,30.64,21.060000000000002,27.259999999999998,36.57,23.57,38.35,18.05,31.67,28.43
"DEER CREEK DAM, UT US",19.01,26.28,20.56,19.0,33.58,25.279999999999998,25.580000000000002,19.97,23.1,13.17,15.82,19.28,21.779999999999998,31.03,59.1,17.52,17.47,22.8,29.66,21.75,16.98,13.11,21.39,16.43,17.86,27.650000000000002,17.94,25.69,9.39,21.78,17.72
"DELTA 0.5 NNE, UT US",,,,,,,,,,,,,,,,,3.82,6.0200000000000005,10.94,9.32,7.48,7.0600000000000005,2.45,,,,,,,,
"DELTA 2.2 SW, UT US",,,,,,,,,,,,,,,,,3.6999999999999997,5.140000000000001,7.12,3.05,,4.56,6.220000000000001,,,,,,,,
"DELTA 4 NE, UT US",,,,,,,,,,,,,,,,,,,3.86,9.17,7.52,7.42,2.87,,,,,,,,
"DELTA, UT US",6.2700000000000005,8.96,8.86,21.5,8.11,9.62,13.47,6.89,9.98,5.05,4.55,8.75,8.79,10.85,34.900000000000006,8.11,7.29,6.18,10.379999999999999,1.94,7.58,7.08,7.68,3.08,1.2,3.99,7.31,8.72,2.16,12.49,5.21
"DESERET, UT US",6.1499999999999995,7.2,7.38,17.5,7.6899999999999995,9.77,13.149999999999999,7.79,10.66,5.75,4.81,7.16,8.49,10.11,29.4,8.33,7.67,6.65,11.77,9.45,8.06,7.91,7.47,6.8100000000000005,6.21,8.77,8.18,9.72,3.21,8.94,6.2
"DEWEY, UT US",8.08,17.83,8.8,0.0,13.24,10.549999999999999,9.31,7.28,6.01,10.99,7.05,11.39,2.62,,,,,,,,,,,,,,,,,,
"DIAMOND RIM, UT US",0.0,0.0,0.0,0.0,0.0,0.0,0.0,0.0,0.0,0.0,0.0,0.0,0.0,0.0,0.0,0.0,0.0,0.0,0.0,0.0,0.0,0.0,0.0,0.0,0.0,0.0,0.0,0.0,0.0,0.0,0.0
"DILL S CAMP, UT US",25.95,28.35,23.17,0.0,32.54,36.94,31.93,27.34,26.950000000000003,25.43,22.96,27.04,27.240000000000002,30.96,0.0,24.59,28.169999999999998,29.56,36.85,30.47,22.09,29.36,31.68,25.080000000000002,23.94,28.95,25.05,33.15,18.86,28.86,23.55
"DINOSAUR NM QUARRY AREA, UT US",11.56,11.04,10.6,6.8,9.91,12.34,10.53,8.28,5.88,8.17,5.17,5.12,8.790000000000001,10.02,9.100000000000001,6.88,3.83,7.54,6.96,0.0,3.37,8.85,8.27,1.81,12.530000000000001,7.13,5.14,11.18,4.85,10.88,9.8
"DONKEY RESERVOIR, UT US",18.76,19.740000000000002,18.63,0.0,22.740000000000002,27.92,25.56,20.169999999999998,19.93,20.12,11.47,17.66,23.08,18.939999999999998,0.0,18.24,15.879999999999999,15.04,26.56,26.03,17.05,25.43,18.04,26.28,18.74,17.65,16.669999999999998,23.28,10.77,22.99,17.36
"DRAPER 1.9 WNW, UT US",,,,,,,,,,,,,,,,,,,,,3.76,10.98,14.11,,,,,,,,
"DRAPER POINT OF MOUNTAIN, UT US",9.83,19.22,13.08,39.0,19.73,19.02,22.9,14.799999999999999,15.97,11.38,9.07,15.35,19.55,20.84,19.4,12.96,11.04,,,,,,,,,,,,,,
"DRY BREAD POND, UT US",24.03,32.37,30.85,0.0,37.69,33.24,41.07,29.77,27.56,22.55,21.94,25.57,31.86,32.65,0.0,24.78,29.58,31.97,36.36,34.87,26.32,22.87,35.07,27.630000000000003,35.25,38.97,24.56,37.25,22.07,29.28,27.34
"DRY FORK, UT US",,,11.58,0.0,37.65,42.53,44.47,29.78,30.53,31.259999999999998,23.64,29.46,31.959999999999997,35.45,0.0,25.64,27.939999999999998,36.62,37.36,34.16,23.87,31.97,30.84,29.560000000000002,29.55,29.96,25.08,43.85,20.76,31.150000000000002,28.939999999999998
"DUCHESNE, UT US",9.56,10.450000000000001,7.43,12.0,9.57,18.0,11.9,11.9,10.05,7.83,6.42,8.82,10.82,9.43,27.9,6.92,7.73,8.06,10.02,2.2,6.23,10.66,8.98,12.12,9.319999999999999,8.3,8.11,10.59,4.21,8.31,7.05
"DUGWAY, UT US",7.29,7.76,9.690000000000001,13.7,8.870000000000001,12.09,12.24,6.53,8.74,6.36,4.7,5.31,8.18,11.26,13.9,4.5200000000000005,5.63,7.32,9.88,10.47,5.800000000000001,2.3,,,,,,,,,
"DUTCH JOHN 0.1 SE, UT US",,,,,,,,,,,,,,,,,,,,,,,,,,,,,6.2,8.2,
"EAST MILLCREEK 0.7 NNW, UT US",,,,,,,,,,,,,,,,,,,,,,,,,,,,5.98,7.03,19.31,12.129999999999999
"EAST WILLOW CREEK, UT US",19.25,23.05,23.75,0.0,22.26,28.48,23.02,20.28,19.34,21.95,12.66,18.07,26.64,24.46,0.0,17.67,22.44,18.68,32.33,20.669999999999998,15.58,18.72,17.97,24.64,21.35,16.06,15.27,26.75,13.26,22.55,16.47
"ECHO DAM, UT US",9.82,16.33,12.97,47.1,16.54,15.89,18.89,13.36,15.41,13.53,11.14,13.22,14.58,15.33,90.3,11.45,12.0,17.6,18.77,17.01,9.92,12.860000000000001,18.28,15.280000000000001,16.45,17.1,12.44,15.42,8.629999999999999,15.1,14.46
"EDEN 0.3 ENE, UT US",,,,,,,,,,,,,,,,,,,,,,,,,,,,,4.93,14.07,20.09
"EDEN 0.3 W, UT US",,,,,,,,,,,,,,,,,,,7.84,9.69,4.720000000000001,4.41,9.66,3.07,5.32,7.42,4.07,6.63,4.720000000000001,4.84,10.24
"EDEN, UT US",,,,,,,,,,,,,,,,,,,,17.47,17.44,6.47,,,19.6,37.19,15.53,30.03,16.33,20.11,26.580000000000002
"EF BLACKS FORK GS, UT US",,,,,,,,,,,,,,,,,,,6.3999999999999995,29.02,22.23,26.94,25.17,21.16,27.43,29.86,18.04,26.45,18.74,26.45,27.33
"ELBERTA, UT US",1.7000000000000002,,,,,,,,,,,,,,,,,,,,,,,,,,,,,,
"ELECTRIC LAKE, UT US",20.669999999999998,23.84,22.32,0.0,24.27,18.41,25.11,25.14,26.88,21.14,18.43,20.21,19.42,22.81,0.0,21.02,3.79,1.8,,,,,,,,,,,,,
"ENSIGN BOUNTIFUL 5 NE, UT US",0.0,0.0,0.0,0.0,0.0,0.0,,,,,,,,,,,,,,,,,,,,,,,,,
"ENTERPRISE BERYL JCT, UT US",11.530000000000001,11.9,11.72,13.5,9.79,9.77,12.98,7.12,11.31,8.12,4.77,7.970000000000001,10.11,12.89,34.8,1.67,2.3499999999999996,,,,,,,,,,,,,,
"ENTERPRISE UTAH, UT US",,,,,,,,,,0.0,0.0,0.0,0.0,0.0,0.0,0.0,0.0,0.0,0.0,0.0,0.0,0.0,0.0,0.0,0.0,0.0,0.0,0.0,0.0,0.0,0.0
"ENTERPRISE, UT US",16.77,15.440000000000001,15.35,1.0,11.83,17.05,19.78,10.86,14.65,11.51,5.08,10.98,17.0,19.91,20.1,13.04,13.65,11.91,25.34,10.83,12.02,11.77,14.64,13.88,16.22,16.02,13.139999999999999,21.24,6.91,17.91,12.58
"EPHRAIM 0.1 W, UT US",,,,,,,,,,,,,,,,,,,,,,,,,,,,1.85,,,
"EPHRAIM, UT US",12.51,15.94,12.98,0.0,15.48,14.76,15.93,13.21,11.81,11.27,10.41,12.22,11.45,13.94,50.0,9.39,7.359999999999999,8.27,12.05,9.39,9.73,6.83,9.36,8.870000000000001,6.68,8.45,7.6499999999999995,8.7,4.49,6.58,8.81
"ESCALANTE, UT US",14.5,12.540000000000001,8.12,23.0,5.51,13.680000000000001,12.280000000000001,10.93,9.16,9.95,4.79,6.31,14.46,13.64,21.1,7.88,8.31,7.16,17.22,14.01,8.73,14.48,7.4399999999999995,14.540000000000001,12.41,9.68,8.62,12.91,5.21,9.84,6.7
"ESKDALE, UT US",3.18,5.51,7.45,0.0,7.02,7.13,12.58,4.5,6.38,4.19,3.37,5.7,9.32,7.78,0.0,3.8200000000000003,3.5,5.54,6.36,8.47,4.82,7.27,6.77,7.2,4.61,5.84,7.0,9.15,1.64,6.1,5.71
"FAIRFIELD, UT US",11.129999999999999,13.52,12.46,18.3,14.46,14.66,17.37,9.91,12.76,10.52,6.78,10.0,10.43,13.73,38.5,9.18,7.75,14.13,2.38,0.0,3.02,5.36,8.2,3.38,2.92,7.1,5.97,6.42,4.45,9.13,10.969999999999999
"FAIRVIEW 8 N, UT US",16.24,18.49,16.36,65.7,17.84,18.46,18.29,14.95,16.55,12.98,12.91,17.91,16.06,18.22,123.3,15.59,29.04,16.45,19.59,4.31,4.5,,,,,,,,,,
"FAIRVIEW, UT US",15.219999999999999,19.77,14.47,60.0,17.58,3.35,,,,,,,,,,,,,,,,,,,,,,,,,
"FARMINGTON 1.5 NNW, UT US",,,,,,,,,,,,,,,,,,2.04,24.3,27.58,9.02,,,,,,,,,,
"FARMINGTON 1.8 W, UT US",,,,,,,,,,,,,,,,,6.18,19.2,18.03,21.13,14.14,13.67,17.56,22.009999999999998,19.21,19.13,13.16,22.25,10.79,16.05,14.55
"FARMINGTON 3 NW, UT US",19.27,23.67,21.16,29.3,26.42,22.78,29.73,14.38,23.009999999999998,20.83,12.37,16.87,19.01,22.88,42.2,19.18,9.75,7.5,8.74,1.27,6.82,15.28,14.98,22.53,14.17,,,,,,
"FARMINGTON LOWER, UT US",,,,,,,,,,,,11.89,49.879999999999995,58.38,0.0,40.57,41.56,53.49,51.17,50.78,35.65,35.09,41.48,44.26,46.47,44.47,33.38,52.66,28.46,40.05,31.47
"FARMINGTON, UT US",40.84,56.32,53.45,0.0,63.59,53.93,68.73,45.76,53.67,46.06,43.45,47.16,55.82,64.65,0.0,45.57,49.76,56.48,60.68,57.08,40.44,38.46,46.57,47.84,52.67,53.79,38.18,59.66,34.67,46.35,44.17
"FARNSWORTH LAKE, UT US",29.34,32.1,31.35,0.0,34.03,40.25,40.43,36.45,31.88,30.65,21.650000000000002,34.06,32.480000000000004,33.03,0.0,31.35,33.27,32.76,39.87,42.97,28.79,33.35,34.08,33.75,28.68,31.26,32.17,37.24,20.87,33.17,27.36
"FERRON, UT US",10.13,10.05,6.88,15.0,8.91,13.24,10.1,7.819999999999999,7.98,7.28,4.9399999999999995,5.8,11.76,11.74,30.5,7.34,4.93,6.16,11.36,9.18,3.72,11.48,7.65,10.96,6.58,4.78,7.01,5.98,0.44000000000000006,4.3100000000000005,3.0
"FILLMORE, UT US",12.75,15.96,18.5,52.5,14.57,15.01,17.95,14.84,18.61,14.04,10.42,15.3,17.61,11.09,96.0,16.49,12.81,11.77,0.94,15.95,12.56,5.7,,,,,,3.44,6.42,9.58,7.37
"FISH LAKE UTAH, UT US",,,,,,,,,,,,,,,,,,,11.77,18.67,14.77,20.26,14.959999999999999,18.38,15.06,16.06,13.36,19.2,10.07,19.560000000000002,11.29
"FISH SPRINGS NWR, UT US",4.8,7.09,9.12,8.8,7.53,12.08,11.85,5.94,3.61,5.699999999999999,3.91,5.9,5.78,8.5,7.1,4.34,6.42,6.92,8.43,9.62,4.8100000000000005,6.28,4.9399999999999995,8.14,,,,,,,
"FIVE MILE DUCHESNE 18 SSE UTA, UT US",0.0,0.0,0.0,0.0,0.0,0.0,0.0,0.0,0.0,0.0,0.0,0.0,0.0,0.0,0.0,0.0,0.0,0.0,0.0,0.0,0.0,0.0,0.0,0.0,0.0,0.0,0.0,0.0,0.0,0.0,0.0
"FIVE POINTS LAKE, UT US",29.68,32.16,39.660000000000004,0.0,39.41,36.64,38.11,37.44,32.22,28.52,25.83,26.96,37.74,36.15,0.0,27.81,29.65,32.14,41.85,39.440000000000005,26.14,29.65,32.54,31.02,36.45,33.79,26.23,41.660000000000004,22.74,38.25,29.25
"FLAMING GORGE, UT US",9.73,14.06,12.42,25.8,14.06,17.78,16.12,13.49,11.7,8.56,7.61,9.16,10.54,11.51,30.5,11.08,7.1,9.45,11.19,2.35,2.7800000000000002,0.37,0.0,0.0,6.14,13.98,6.39,8.71,6.21,10.07,13.97
"FLATTOP MOUNTAIN CLEVELAND 1, UT US",0.0,0.0,0.0,0.0,0.0,0.0,0.0,0.0,0.0,0.0,0.0,0.0,0.0,0.0,0.0,0.0,0.0,0.0,0.0,0.0,0.0,0.0,0.0,0.0,0.0,0.0,0.0,0.0,0.0,0.0,0.0
"FORT DUCHESNE, UT US",5.91,9.28,8.0,0.0,3.35,8.23,3.43,2.29,3.16,3.9400000000000004,5.61,6.1,5.62,5.26,17.1,2.35,3.58,4.21,0.0,4.24,3.46,0.53,0.25,3.05,9.35,4.8,2.79,5.7700000000000005,3.78,6.24,5.3
"FREMONT INDIAN S.P., UT US",11.64,11.44,11.14,31.3,6.84,12.15,13.4,13.47,14.88,9.58,7.64,11.09,9.73,12.99,55.0,8.7,9.8,8.06,13.969999999999999,18.77,11.58,11.43,11.67,12.5,12.540000000000001,12.719999999999999,10.13,15.69,5.91,12.24,11.270000000000001
"FRUIT HEIGHTS 1.3 N, UT US",,,,,,,,,,,,,,,,,,,,,,4.3,21.54,21.630000000000003,27.380000000000003,24.37,18.91,33.72,14.18,21.19,19.6
"GARDEN CITY SUMMIT, UT US",,,,,,,,,,,,,,,,,,6.79,36.96,33.35,26.27,22.46,37.06,26.03,34.53,39.86,24.7,30.96,25.87,27.950000000000003,25.87
"GARDNER PEAK, UT US",,,,,,,,,,,,,16.99,33.94,0.0,23.55,25.48,17.36,36.64,21.97,27.46,26.67,23.59,28.34,23.17,21.18,23.49,36.69,12.879999999999999,30.37,19.28
"GARFIELD, UT US",14.61,13.6,17.61,6.3,18.35,20.19,25.259999999999998,14.72,21.42,18.08,11.83,12.32,17.2,18.94,15.3,14.53,14.21,18.87,20.490000000000002,17.52,10.67,10.41,1.5,,,,,,,,
"GARLAND 1.0 SE, UT US",,,,,,,,,,,,,,,,,,,14.63,19.48,12.96,11.780000000000001,17.57,19.07,24.05,18.94,12.24,26.04,11.36,14.879999999999999,15.850000000000001
"GBRC HQ, UT US",,,,,,,,,,,,,,,,,,,,,7.69,28.65,28.240000000000002,27.560000000000002,28.36,27.560000000000002,27.45,35.46,20.66,29.24,25.759999999999998
"GBRC MEADOWS, UT US",,,,,,,,,,,,,,,,,,,,,8.6,36.57,36.94,28.86,34.230000000000004,36.37,33.67,42.55,25.38,36.66,30.37
"GEORGE CREEK, UT US",,,,,,,,,,,,,,,,,,,17.39,35.55,29.35,29.36,36.39,31.73,40.18,42.61,29.54,44.17,24.85,29.470000000000002,28.74
"GOBLIN VALLEY STATE PARK, UT US",,,,,,,,,,,,,,2.06,10.600000000000001,3.92,3.98,4.39,9.35,8.32,4.01,7.63,5.949999999999999,7.0200000000000005,9.889999999999999,4.5,5.4799999999999995,7.54,2.48,5.7,6.27
"GOOSEBERRY RANGER STATION UP, UT US",,,,,,,,,,,,,,,,,,,,7.79,23.78,27.17,29.27,23.88,22.18,23.05,25.29,31.3,18.189999999999998,26.68,20.5
"GOOSEBERRY RANGER STATION, UT US",24.39,22.65,24.09,0.0,24.29,33.65,29.46,27.369999999999997,24.89,22.97,17.27,29.57,24.75,25.64,0.0,26.96,26.16,25.46,31.25,32.37,24.25,25.23,27.94,25.58,22.759999999999998,23.77,23.56,29.98,16.58,23.47,18.96
"GRANITE PEAK DUGWAY PROVING GROUND, UT US",,,,,,,,,,,,,,,0.0,3.0500000000000003,1.47,4.21,0.69,0.0,3.52,4.26,2.38,0.61,1.26,0.72,3.12,6.140000000000001,1.98,8.08,4.67
"GRANTSVILLE 1.1 NW, UT US",,,,,,,,,,,,,,,,,,,,,,,,,,,,,,4.24,
"GRANTSVILLE 12 WNW, UT US",,,,,,,,,,,,,,,,,,,,2.33,8.879999999999999,11.030000000000001,4.91,,,,,,,,
"GRANTSVILLE 2 W, UT US",7.92,13.26,13.31,23.2,13.11,10.97,,0.42,11.9,7.01,7.09,6.82,11.58,12.08,33.5,8.69,7.21,12.07,14.61,15.91,8.73,12.05,10.99,13.3,10.540000000000001,12.41,9.3,12.74,6.68,11.309999999999999,7.49
"GRANTSVILLE 2.0 SSE, UT US",,,,,,,,,,,,,,,,,,,4.8,,,,,,,,,,,,
"GREEN RIVER 2.8 WNW, UT US",,,,,,,,,,,,,,,,,,,,,,,,,,,,,2.12,,
"GREEN RIVER AVIATION, UT US",6.37,9.08,7.8,6.0,6.6,9.02,8.61,8.0,6.22,5.93,4.3999999999999995,4.06,7.24,6.13,13.0,2.3000000000000003,5.88,,,,,,,,,,,,,,
"GREENVILLE BENCH SAND HOLLOW, UT US",,,,,,,,,,,0.0,0.0,0.0,0.0,0.0,0.0,0.0,0.0,0.0,,,,,,,,,,,,
"GROUSE CREEK, UT US",7.91,10.87,7.84,15.5,13.120000000000001,11.99,13.290000000000001,8.709999999999999,11.23,10.67,16.88,10.969999999999999,22.85,17.77,36.9,4.63,3.14,11.629999999999999,12.25,6.7,,,,,,,,,,,
"GUNLOCK PH, UT US",20.099999999999998,17.96,15.83,0.0,12.24,12.83,21.12,7.54,12.700000000000001,9.209999999999999,4.4,10.07,17.7,12.29,17.0,,3.71,8.21,9.75,4.96,13.11,1.93,,12.27,3.07,,,,,,
"GUTZ PEAK, UT US",,,,,,,,,,,,,26.3,47.39,0.0,21.990000000000002,30.6,23.8,53.290000000000006,20.89,23.79,18.18,22.89,20.18,26.78,22.290000000000003,19.68,40.86,13.69,32.27,21.97
"HANKSVILLE, UT US",5.49,5.4399999999999995,5.5,3.0,3.73,8.709999999999999,5.77,5.41,4.31,7.32,4.16,5.93,8.370000000000001,8.94,6.0,3.75,5.430000000000001,3.37,9.17,1.6,3.04,,0.6000000000000001,11.219999999999999,4.890000000000001,3.52,4.73,6.71,1.77,5.4799999999999995,0.65
"HANNA, UT US",10.5,12.61,4.83,,,,,,,,,,,,,,,,,,,,,,,,,,,,0.0
"HANS FLAT RANGER STATION, UT US",8.37,9.69,7.65,38.9,8.65,11.9,10.709999999999999,10.25,10.01,10.9,7.1,5.62,9.76,10.33,41.2,11.67,11.89,6.45,14.16,9.36,7.16,11.67,8.3,19.09,8.69,7.41,7.6899999999999995,10.19,5.12,8.56,8.89
"HARDSCRABBLE, UT US",,8.18,41.53,0.0,50.84,39.94,47.730000000000004,37.47,41.94,35.66,31.33,38.15,39.16,49.05,0.0,34.38,38.64,45.74,50.79,38.49,33.85,31.36,44.43,34.16,36.489999999999995,45.16,31.89,45.58,27.580000000000002,39.18,33.56
"HARRIS FLAT, UT US",23.33,26.84,18.37,0.0,20.65,22.04,26.77,17.38,17.07,17.08,13.69,13.67,30.36,26.19,0.0,16.07,20.16,15.86,35.379999999999995,19.27,18.97,20.17,16.48,26.35,24.759999999999998,17.1,18.18,28.27,9.2,21.490000000000002,19.95
"HATCH, UT US",13.26,14.78,12.71,50.5,10.209999999999999,15.1,17.61,11.69,10.56,9.86,7.75,9.79,17.66,16.509999999999998,52.0,11.700000000000001,14.75,9.04,20.439999999999998,4.0,12.88,16.38,13.56,19.88,13.17,11.08,11.14,11.8,5.06,14.32,11.54
"HAYDEN FORK, UT US",25.240000000000002,38.21,32.33,0.0,42.03,37.12,37.11,34.36,31.94,26.55,26.56,29.57,32.55,37.62,0.0,29.57,36.06,34.53,42.94,40.37,27.07,28.16,40.36,27.57,37.24,37.68,27.44,37.44,24.62,38.84,31.54
"HEBER CITY 0.4 SE, UT US",,,,,,,,,,,,,,,,,,,,,,,,,,,,,,,3.41
"HEBER CITY 0.7 E, UT US",,,,,,,,,,,,,,,,,,,,,,,,,,,,,2.6799999999999997,2.6799999999999997,
"HEBER CITY 10.1 ESE, UT US",,,,,,,,,,,,,,,,,,,,,,,2.0500000000000003,16.61,24.57,24.62,18.080000000000002,15.219999999999999,19.13,32.81,26.34
"HEBER CITY 2.4 SSE, UT US",,,,,,,,,,,,,,,,,,1.53,10.190000000000001,13.77,12.4,7.819999999999999,9.620000000000001,11.98,10.61,20.34,12.17,15.32,8.86,18.38,13.469999999999999
"HEBER CITY 7.2 E, UT US",,,,,,,,,,,,,,,,,,2.57,9.44,,,,,,,,,,,,
"HEBER, UT US",14.33,19.55,15.84,43.0,24.66,17.61,17.71,13.49,13.67,10.16,10.32,12.09,15.47,14.530000000000001,74.2,11.05,11.31,13.62,18.27,14.71,8.61,2.67,,,,,,,,,
"HELPER 0.2 WSW, UT US",,,,,,,,,,,,,,,,,,,,,,,,,,,,,0.39,,
"HELPER 0.3 SW, UT US",,,,,,,,,,,,,,,,,,,,,,,,,,,6.09,11.49,,,
"HELPER CARBON PLANT, UT US",15.78,10.06,13.53,0.0,14.68,14.53,14.02,16.62,17.55,7.65,7.359999999999999,6.609999999999999,,,,,,,,1.83,4.56,0.72,,,,,,,,,
"HENRIEVILLE 0.2 SSW, UT US",,,,,,,,,,,,,,,,,,0.41,,,,,,,,,,,,4.72,10.700000000000001
"HEWINTA UTAH, UT US",0.0,0.0,0.0,0.0,0.0,0.0,0.0,0.0,0.0,0.0,0.0,0.0,0.0,0.0,0.0,0.0,0.0,0.0,0.0,0.0,0.0,0.0,0.0,0.0,0.0,0.0,0.0,0.0,0.0,0.0,0.0
"HEWINTA, UT US",19.15,26.11,22.41,0.0,29.93,29.66,24.2,26.44,25.7,21.66,20.15,26.03,23.16,26.8,0.0,22.15,27.53,25.21,29.25,32.77,20.95,25.75,29.48,25.34,25.85,28.46,20.04,26.77,20.04,27.740000000000002,27.77
"HIAWATHA, UT US",6.85,,,,,,,,,,,,,,,,,,,,,,,,,,,,,,
"HICKERSON PARK, UT US",18.93,19.51,19.029999999999998,0.0,22.84,25.13,26.11,21.06,21.27,18.63,16.48,23.06,23.57,17.45,0.0,19.85,21.34,26.02,25.82,29.34,15.219999999999999,20.35,22.14,23.94,26.6,22.44,19.75,25.93,17.95,23.74,23.73
"HITE RANGER STATION, UT US",1.3900000000000001,,,,,7.31,7.76,3.7399999999999998,5.29,5.41,4.69,4.57,6.31,11.44,1.9,4.82,3.62,2.86,8.48,1.48,0.0,2.47,2.4,0.0,2.8,6.5,3.06,3.08,2.79,3.5700000000000003,5.140000000000001
"HOBBLE CREEK, UT US",,,,,,,,,,,,,,,,,,,,,8.89,17.68,27.37,20.32,22.95,29.69,22.98,30.73,14.96,26.55,23.85
"HOLE IN ROCK, UT US",16.69,20.0,19.21,0.0,22.21,24.24,26.11,21.05,18.759999999999998,21.45,16.400000000000002,22.65,20.64,19.2,0.0,20.220000000000002,19.22,21.75,24.12,29.84,17.13,21.34,23.05,25.51,26.38,24.43,19.8,25.64,17.6,28.02,23.62
"HOLLADAY 0.5 ESE, UT US",,,,,,,,,,,,,,,,,7.12,19.85,24.259999999999998,27.32,18.53,19.64,19.89,22.07,21.42,21.09,19.04,27.11,11.72,24.02,18.59
"HOLLADAY 0.7 WNW, UT US",,,,,,,,,,,,,,,,,,,,17.49,17.64,16.12,18.85,20.03,20.87,20.8,18.0,21.34,10.540000000000001,18.689999999999998,13.4
"HONEYVILLE 0.5 NNE, UT US",,,,,,,,,,,,,,,,,5.16,5.66,,,,,,,,,,,,,
"HOOPER 0.1 S, UT US",,,,,,,,,,,,,,,,,,,10.01,,,,,,,,,,,,
"HORSE HOLLOW COVE FORT 5 W UT, UT US",0.0,0.0,0.0,0.0,0.0,0.0,0.0,0.0,0.0,0.0,0.0,0.0,0.0,0.0,0.0,0.0,0.0,0.0,0.0,0.0,0.0,0.0,0.0,0.0,0.0,0.0,0.0,0.0,0.0,0.0,0.0
"HORSE RIDGE UTAH, UT US",0.0,0.0,0.0,0.0,0.0,,0.0,0.0,0.0,0.0,0.0,0.0,0.0,0.0,0.0,0.0,0.0,0.0,0.0,0.0,0.0,0.0,0.0,0.0,0.0,0.0,0.0,0.0,0.0,0.0,0.0
"HORSE RIDGE, UT US",24.97,36.85,34.14,0.0,47.980000000000004,38.51,42.5,34.16,35.64,27.93,29.17,30.97,34.769999999999996,38.65,0.0,28.18,34.83,34.980000000000004,41.43,41.08,26.97,24.57,42.17,29.75,39.17,44.76,27.490000000000002,38.15,26.66,32.25,35.08
"HOVENWEEP NATIONAL MONUMENT, UT US",14.12,13.8,7.87,4.2,11.11,11.110000000000001,7.99,8.129999999999999,9.42,3.8,5.79,10.510000000000002,9.18,11.99,2.7,11.18,10.8,3.3200000000000003,12.709999999999999,7.54,8.99,10.629999999999999,7.31,19.05,12.13,8.36,4.48,11.059999999999999,5.84,12.94,8.040000000000001
"HUNTINGTON HORSE, UT US",,,,,,,,,,,,,,,,,,,,,8.49,28.03,33.54,28.439999999999998,29.78,32.980000000000004,26.79,37.87,21.64,32.17,30.35
"HUNTSVILLE 7.3 ENE, UT US",,,,,,,,,,,,,,,,,,,,,,,13.57,2.1100000000000003,,,,,,,
"HUNTSVILLE MONASTERY, UT US",18.14,22.47,21.91,0.0,30.7,23.84,32.44,20.07,21.26,21.0,17.68,18.7,25.490000000000002,24.98,81.9,15.5,18.32,19.87,15.15,5.25,16.29,9.27,,,,,,,,,
"HURRICANE 2.4 E, UT US",,,,,,,,,,,,,,,,,,,10.33,8.69,10.32,11.35,9.93,9.84,15.379999999999999,10.790000000000001,9.97,16.41,5.94,9.12,7.96
"HURRICANE 2.4 ENE, UT US",,,,,,,,,,,,,,,,,,,14.39,7.65,1.34,6.29,9.89,10.15,9.93,11.57,2.67,,,,
"HYDE PARK 0.7 NW, UT US",,,,,,,,,,,,,,,,,,2.13,10.39,17.62,9.129999999999999,7.74,16.34,14.33,14.969999999999999,8.6,,15.09,,,
"HYDE PARK 1.0 SSW, UT US",,,,,,,,,,,,,,,,,,,,,,6.83,18.22,14.85,23.56,9.07,,1.46,,,
"HYRUM 0.8 SE, UT US",,,,,,,,,,,,,,,,,,,,,,,,,,,,,2.19,17.25,18.18
"HYRUM 1.5 E, UT US",,,,,,,,,,,,,,,,,,,,,,,,,,,,6.949999999999999,,,
"HYRUM, UT US",,,,,,,,,,,,,,,,,,,,0.17,9.53,,,,,,,,,,
"IBAPAH, UT US",8.83,9.38,9.959999999999999,11.0,12.7,13.09,16.41,8.26,10.33,12.78,8.799999999999999,10.790000000000001,12.56,11.83,0.0,8.64,3.88,13.04,12.63,11.8,6.45,7.87,9.93,10.29,12.96,11.129999999999999,7.2299999999999995,16.98,5.38,8.360000000000001,10.07
"INDIAN CANYON, UT US",24.99,23.09,24.35,0.0,29.04,33.75,28.01,20.060000000000002,29.86,23.64,14.59,20.86,29.55,29.33,0.0,18.85,24.64,22.93,32.06,27.14,19.28,18.76,20.6,25.68,25.46,22.59,19.95,32.16,12.08,27.049999999999997,19.96
"IVINS 0.8 NW, UT US",,,,,,,,,,,,,,,,,,,,,,,,4.97,2.69,,,,,,
"IVINS 1.1 ESE, UT US",,,,,,,,,,,,,,,,,,,,,,,,,,,,,,,6.359999999999999
"IVINS 1.5 SE, UT US",,,,,,,,,,,,,,,,,,,,,,,,,,,,,,,7.7299999999999995
"JARVIE RANCH 1 S, UT US",,,,,,,,,,,,,,,,,,,,,,,,4.09,13.04,7.93,,,,,
"JARVIE RANCH, UT US",,,,,,,,,,,4.9399999999999995,5.0,3.8499999999999996,9.53,16.3,4.51,5.98,11.07,11.58,0.96,6.38,8.24,10.94,1.6300000000000001,0.0,7.69,5.04,5.09,0.0,,
"JENSEN 0.4 WSW, UT US",,,,,,,,,,,,,,,,,,,,,,,0.32,8.89,11.82,4.36,5.48,8.5,4.31,9.049999999999999,8.25
"JENSEN SPRING BERYL 12 NNE, UT US",0.0,0.0,0.0,0.0,0.0,0.0,0.0,0.0,0.0,0.0,0.0,0.0,0.0,0.0,0.0,0.0,0.0,0.0,0.0,0.0,0.0,0.0,0.0,0.0,0.0,0.0,0.0,0.0,0.0,0.0,0.0
"JENSEN, UT US",8.55,10.64,8.89,5.8,8.76,12.4,10.67,8.75,7.82,6.21,5.83,5.67,8.01,8.98,16.6,9.07,7.359999999999999,8.65,11.02,8.83,4.5600000000000005,8.92,8.36,8.81,12.24,4.84,5.08,10.2,4.48,9.84,9.44
"JOES VALLEY UTAH, UT US",,,,,,,,0.0,0.0,0.0,0.0,0.0,0.0,0.0,0.0,0.0,0.0,0.0,0.0,0.0,0.0,0.0,0.0,0.0,0.0,0.0,0.0,0.0,0.0,0.0,0.0
"JOHNSON PASS, UT US",12.69,15.51,16.9,64.9,18.55,20.82,27.03,15.7,15.75,12.33,10.32,11.89,19.36,21.19,74.3,11.700000000000001,9.81,11.48,24.15,13.4,10.44,4.11,,,,,,,,,
"JONES CORRAL, UT US",,,,,,,,,,,,,,,,3.59,20.47,16.74,29.36,24.46,14.97,26.39,21.38,23.45,20.32,17.43,21.25,27.259999999999998,11.879999999999999,21.67,15.870000000000001
"KAMAS 0.1 ESE, UT US",,,,,,,,,,,,,,,,,3.0199999999999996,6.22,,,,,,,,,,,,,
"KAMAS, UT US",13.05,19.77,16.58,91.2,19.58,16.35,17.85,15.69,15.12,12.79,11.91,15.67,16.56,16.07,93.6,13.77,14.45,15.56,15.23,11.35,13.120000000000001,15.25,14.719999999999999,15.02,12.81,13.43,14.04,16.44,9.049999999999999,16.62,12.93
"KANAB, UT US",17.97,19.58,10.379999999999999,27.5,16.53,26.66,24.22,12.190000000000001,14.93,14.75,10.31,16.15,15.92,17.8,14.2,8.92,11.82,8.56,18.7,10.87,10.26,10.719999999999999,12.25,19.3,15.969999999999999,10.5,15.19,18.22,4.7299999999999995,12.72,10.07
"KANE GULCH BLANDING 23 WSW, UT US",0.0,0.0,0.0,0.0,0.0,0.0,0.0,0.0,0.0,0.0,0.0,0.0,0.0,0.0,0.0,0.0,0.0,0.0,0.0,0.0,0.0,0.0,0.0,0.0,0.0,0.0,0.0,0.0,0.0,0.0,0.0
"KANOSH, UT US",12.02,12.870000000000001,18.61,47.6,14.66,21.59,21.0,18.25,19.43,19.16,12.82,11.0,,,,10.8,12.53,11.36,22.27,15.47,12.870000000000001,3.4000000000000004,,,,,,,,,
"KAYSVILLE 1.2 N, UT US",,,,,,,,,,,,,,,,,,,,,,,,,,,,,,,9.96
"KAYSVILLE 1.5 SE, UT US",,,,,,,,,,,,,,,,,,,,,,,,,,,,,,,3.99
"KILFOIL CREEK, UT US",,,,,,,,,,,,,,,,,,,18.39,34.38,22.369999999999997,18.75,30.86,22.97,31.67,29.55,18.86,29.22,19.34,25.07,27.26
"KIMBERLY MINE, UT US",34.019999999999996,32.89,39.45,0.0,36.07,40.24,41.8,33.65,32.83,28.75,22.86,31.95,33.97,35.66,0.0,31.09,34.67,30.28,46.37,39.98,30.61,30.48,32.29,31.259999999999998,31.96,31.95,31.49,40.69,18.67,38.879999999999995,26.47
"KING S CABIN, UT US",21.27,26.009999999999998,26.56,0.0,28.169999999999998,28.42,26.34,26.64,26.53,22.19,18.5,23.96,33.79,27.95,0.0,22.97,21.44,29.330000000000002,28.46,28.94,16.95,24.14,25.34,25.55,30.05,25.95,17.64,30.53,16.75,27.439999999999998,25.94
"KINGS POINT DUTCH JOHN 16 ESE, UT US",0.0,0.0,0.0,0.0,0.0,0.0,0.0,0.0,0.0,0.0,0.0,0.0,0.0,0.0,0.0,0.0,0.0,0.0,0.0,0.0,0.0,0.0,0.0,0.0,0.0,0.0,0.0,0.0,0.0,0.0,0.0
"KLONDIKE NARROWS, UT US",,,,,,,,,,,,,,,,,,8.17,40.96,43.44,29.77,22.55,47.57,32.68,44.08,50.26,30.97,38.26,33.58,34.47,34.79
"KNOLLS 10 NE, UT US",5.4399999999999995,14.83,15.36,0.0,6.28,8.69,9.9,12.66,3.81,1.67,3.92,5.0,7.36,,,,,,,,,,,,,,,,,,
"KODACHROME BASIN PARK, UT US",16.53,16.060000000000002,9.57,18.1,8.950000000000001,16.009999999999998,17.5,9.379999999999999,11.14,10.64,5.09,8.34,15.39,13.33,21.799999999999997,8.66,10.5,7.029999999999999,15.41,9.74,11.969999999999999,11.53,9.46,16.81,12.690000000000001,8.55,11.76,15.87,3.76,12.120000000000001,7.1
"KOLOB, UT US",38.55,40.46,32.02,0.0,32.980000000000004,30.44,42.95,22.64,33.04,30.05,15.59,22.64,40.37,49.49,0.0,25.36,37.16,27.66,54.760000000000005,30.66,32.78,28.36,23.17,30.38,34.48,27.36,27.9,47.379999999999995,18.07,38.75,24.89
"KOOSHAREM, UT US",9.969999999999999,12.76,8.24,32.1,7.14,12.57,7.92,6.6899999999999995,11.64,7.569999999999999,7.930000000000001,8.57,11.83,13.44,40.5,9.75,4.69,0.97,,,,,,,,,,,,,
"LA SAL 1 SW, UT US",14.99,16.02,9.02,34.1,12.89,14.239999999999998,11.76,6.359999999999999,5.56,14.809999999999999,10.03,12.09,15.49,11.530000000000001,36.9,9.48,6.220000000000001,8.19,12.65,10.43,7.88,14.120000000000001,14.59,18.99,9.88,8.66,10.85,15.21,7.18,15.32,12.18
"LA VERKIN 0.3 W, UT US",,,,,,,,,,,,,,,,,,,,,2.74,,,,,,,,,,
"LA VERKIN, UT US",16.77,13.92,12.03,0.0,8.91,10.7,16.13,7.99,10.28,8.4,3.15,10.1,15.59,16.56,6.5,7.8100000000000005,11.530000000000001,5.5600000000000005,17.65,10.2,9.52,12.57,11.58,12.120000000000001,14.3,11.5,9.97,18.61,6.68,8.65,8.48
"LAKEFORK BASIN, UT US",30.79,37.75,33.22,0.0,44.89,45.26,42.24,44.07,38.16,28.35,26.04,34.5,34.06,37.58,0.0,29.75,35.43,37.65,45.59,47.17,30.35,34.519999999999996,42.019999999999996,27.85,,,,,,,
"LAKEFORK NUMBER 1, UT US",20.72,25.63,24.84,0.0,28.84,29.0,31.24,27.04,24.95,19.85,17.68,23.45,31.380000000000003,29.09,0.0,23.73,23.84,23.45,31.72,30.66,21.150000000000002,26.45,25.560000000000002,28.25,28.86,30.88,22.05,33.92,15.66,31.27,25.98
"LAKEFORK NUMBER 3, UT US",,,,,,,,,,,,,,,,,,2.79,25.06,19.67,15.68,17.84,18.78,23.849999999999998,26.25,24.14,17.87,28.259999999999998,11.27,24.47,18.48
"LAKETOWN, UT US",9.93,14.94,12.559999999999999,71.5,18.57,17.48,21.23,12.85,11.9,10.049999999999999,11.2,12.33,14.26,20.32,63.0,10.09,12.24,10.19,15.8,17.89,10.59,12.41,19.009999999999998,13.85,17.22,21.41,13.73,12.86,10.86,14.299999999999999,14.08
"LASAL MOUNTAIN LOWER, UT US",,,,,,,,,,,,,,,,,,,,,4.79,23.650000000000002,24.09,31.57,24.28,14.9,22.06,26.689999999999998,14.879999999999999,27.759999999999998,25.6
"LASAL MOUNTAIN, UT US",30.33,38.22,32.27,0.0,39.23,39.56,32.53,29.78,35.49,36.76,22.77,29.46,29.94,32.07,0.0,33.16,28.99,24.869999999999997,38.29,32.87,21.69,33.37,31.18,40.76,33.92,21.689999999999998,28.59,38.17,20.27,40.28,31.8
"LAVA POINT UTAH, UT US",,,,0.0,0.0,0.0,0.0,0.0,0.0,0.0,0.0,0.0,0.0,0.0,0.0,0.0,0.0,0.0,0.0,0.0,0.0,0.0,0.0,0.0,0.0,0.0,0.0,0.0,0.0,0.0,0.0
"LAYTON 1.7 E, UT US",,,,,,,,,,,,,,,,,6.07,17.27,,,,,,,,,,,,,
"LAYTON, UT US",,,,,,,,,,,,,,,,,,,,22.87,13.26,6.99,,,,,,,,,
"LEHI 1.8 W, UT US",,,,,,,,,,,,,,,,,2.76,7.14,,,,,,,,,,,,,
"LEHI 2.0 NNE, UT US",,,,,,,,,,,,,,,,,,,,,13.3,12.23,17.03,15.04,14.14,14.02,10.66,21.62,7.43,13.85,12.059999999999999
"LEHI 2.0 WNW, UT US",,,,,,,,,,,,,,,,,,,,,,,,,,,,,,,8.879999999999999
"LEVAN, UT US",11.49,17.23,6.95,0.0,16.39,18.17,20.93,14.27,17.19,11.0,9.78,13.91,14.78,18.88,24.0,12.18,0.4,8.33,17.8,15.03,12.739999999999998,10.629999999999999,13.66,11.82,11.74,10.36,10.0,16.18,4.68,13.7,13.32
"LIGHTNING RIDGE, UT US",,,,,,,,,,,,,13.790000000000001,39.45,0.0,26.96,32.86,35.75,40.76,39.07,29.16,23.57,41.18,30.05,41.260000000000005,44.48,25.7,37.25,25.97,32.37,32.98
"LILY LAKE, UT US",22.64,32.65,26.939999999999998,0.0,34.22,30.13,34.24,29.36,26.54,21.75,21.43,26.439999999999998,25.64,27.919999999999998,0.0,27.05,28.35,29.46,35.1,33.94,20.740000000000002,25.35,28.45,20.86,28.95,30.830000000000002,20.47,27.330000000000002,18.12,27.85,26.37
"LITTLE BEAR, UT US",26.42,37.43,31.84,0.0,46.94,37.54,48.75,29.78,30.759999999999998,30.880000000000003,23.85,27.240000000000002,33.74,41.32,0.0,27.189999999999998,31.939999999999998,37.15,42.25,37.75,32.94,21.87,34.56,27.75,40.17,40.89,24.28,39.26,19.17,28.37,30.27
"LITTLE GRASSY, UT US",29.259999999999998,34.86,24.84,0.0,24.869999999999997,22.77,37.74,15.81,25.77,16.88,9.26,18.3,33.38,45.15,0.0,19.07,24.89,19.37,44.59,21.39,21.88,16.29,20.09,18.47,21.98,17.98,16.68,32.0,11.09,25.07,17.19
"LITTLE SAHARA RECREATION AREA, UT US",8.1,11.26,9.379999999999999,2.0,6.7700000000000005,10.120000000000001,15.19,11.01,15.34,7.52,4.74,10.07,13.02,10.21,26.6,6.03,2.2800000000000002,6.7,2.38,5.62,9.280000000000001,4.33,9.59,10.41,6.82,7.12,9.27,11.44,1.4,8.88,2.86
"LOA, UT US",7.94,7.42,3.26,,,,,,,,,,5.17,9.66,17.900000000000002,8.34,4.02,3.64,9.4,8.09,11.25,10.77,9.03,10.35,7.1899999999999995,7.28,6.52,8.74,3.68,10.35,4.67
"LOGAN 0.5 E, UT US",,,,,,,,,,,,,,,,,,,11.04,4.58,3.34,,,,,,,,,,
"LOGAN 0.5 ENE, UT US",,,,,,,,,,,,,,,,,4.73,7.79,7.01,23.85,10.86,4.84,,,,,,,,,
"LOGAN 0.5 WSW, UT US",,,,,,,,,,,,,,,,,,,,,,,,,,,,4.21,,,
"LOGAN 0.7 SW, UT US",,,,,,,,,,,,,,,,,,1.41,5.95,13.25,9.129999999999999,6.47,19.27,3.74,7.84,,,,,,
"LOGAN 0.9 SE, UT US",,,,,,,,,,,,,,,,,2.25,,,,,,,,,,,,,,
"LOGAN 1.7 ESE, UT US",,,,,,,,,,,,,,,,,6.24,20.75,19.71,27.09,17.57,12.79,20.6,20.31,5.65,,,,0.89,15.129999999999999,15.69
"LOGAN 2.0 NNW, UT US",,,,,,,,,,,,,,,,,,,,,,,,,,,0.0,1.91,,,
"LOGAN 2.5 ENE, UT US",,,,,,,,,,,,,,,,,,,3.69,,,,,,,,,,,,
"LOGAN 2.6 N, UT US",,,,,,,,,,,,,,,,,,,,,,,,,,,,,6.3100000000000005,0.98,
"LOGAN 5 SW EXPERIMENTAL FARM, UT US",10.82,21.59,13.87,25.1,23.03,22.46,29.23,15.19,14.8,8.48,11.66,13.73,17.21,23.88,46.9,12.39,14.47,18.17,19.2,20.8,14.370000000000001,10.05,18.04,17.53,21.78,25.88,13.11,21.88,9.95,16.87,16.16
"LOGAN CACHE AIRPORT, UT US",,,,,,,2.7300000000000004,15.280000000000001,14.13,11.85,11.709999999999999,11.66,18.03,23.009999999999998,0.0,11.35,13.83,17.14,14.5,19.9,12.370000000000001,9.11,15.13,15.41,20.240000000000002,18.42,9.64,18.55,9.06,11.58,13.11
"LOGAN RADIO KVNU, UT US",11.63,18.13,14.309999999999999,30.0,21.46,20.240000000000002,25.03,14.68,16.4,12.08,12.69,13.4,17.92,23.3,36.5,5.99,11.2,15.5,15.96,15.86,12.280000000000001,9.18,15.42,17.14,23.13,22.07,13.36,20.84,10.58,15.379999999999999,15.48
"LOGAN UTAH ST U, UT US",13.620000000000001,20.61,15.25,38.3,22.11,22.330000000000002,26.13,16.05,11.91,10.31,10.91,16.15,18.69,26.52,57.3,14.14,17.04,21.4,20.05,23.48,15.68,11.85,19.23,20.16,25.63,25.04,15.76,23.07,12.74,16.28,15.95
"LONESOME BEAVER, UT US",,,,,,,,,,,,,,,,,,,,,,,3.68,33.17,22.45,16.38,19.87,29.06,11.89,29.99,18.5
"LONG FLAT, UT US",23.35,21.07,21.36,0.0,20.05,22.56,31.15,15.36,21.55,18.25,10.27,13.870000000000001,27.07,30.74,0.0,18.87,20.46,17.09,36.47,17.16,25.29,21.869999999999997,22.490000000000002,23.46,20.25,17.89,23.88,32.18,11.78,28.37,17.86
"LONG VALLEY JCT, UT US",23.96,27.85,20.06,0.0,18.46,21.76,27.14,15.35,17.27,16.17,11.76,13.93,28.14,26.76,0.0,15.85,20.65,14.26,34.07,18.58,17.259999999999998,19.97,17.46,25.06,21.37,17.18,18.4,29.37,10.07,23.380000000000003,17.68
"LOOKOUT PEAK, UT US",32.72,49.93,44.24,0.0,56.93,45.43,52.62,42.47,46.75,40.46,35.65,44.36,42.55,56.47,0.0,37.97,44.36,49.120000000000005,57.97,50.29,36.67,35.67,49.07,38.25,42.67,47.29,34.78,50.54,32.07,43.76,40.57
"LOST CREEK RESV, UT US",,,,,,,,,,,,,,,,,,,13.08,20.87,16.86,11.98,22.18,17.42,19.95,22.48,15.06,21.97,12.76,19.69,20.48
"LOST CREEK SALINA 12 S UTAH, UT US",0.0,0.0,0.0,0.0,0.0,0.0,0.0,0.0,0.0,0.0,0.0,0.0,0.0,0.0,0.0,0.0,0.0,0.0,0.0,0.0,0.0,0.0,0.0,0.0,0.0,0.0,0.0,0.0,0.0,0.0,0.0
"LOUIS MEADOW, UT US",,,,,,,,5.0,37.67,34.99,26.78,35.87,35.66,46.07,0.0,32.95,35.63,43.730000000000004,48.260000000000005,46.97,31.77,30.37,38.67,34.66,39.25,38.28,29.87,44.67,24.98,41.17,36.25
"LOVELL HOLLOW 0.2 NW, UT US",,,,,,,,,,,,,,,,,,,,,,,,4.0600000000000005,5.449999999999999,,,,,,
"LYMAN 0.2 SW, UT US",,,,,,,,,,,,,,,,,2.4,4.83,0.46,,,,,,,,,,,,
"LYTLE RANCH, UT US",9.14,15.19,8.92,0.0,7.119999999999999,10.4,14.71,7.5,9.42,10.02,2.2,6.369999999999999,12.06,15.45,0.0,5.5600000000000005,7.21,7.8999999999999995,17.02,6.06,6.03,8.44,9.17,8.2,5.890000000000001,1.22,0.17,,0.0,,
"MAESER 9 NW, UT US",12.15,15.92,17.03,30.5,16.09,20.45,16.62,15.870000000000001,14.34,10.15,8.799999999999999,9.42,17.080000000000002,15.389999999999999,63.5,8.69,12.379999999999999,11.75,,,,,,,,,,,,,
"MAGNA 1.0 SW, UT US",,,,,,,,,,,,,,,,,,,,,,,,,,,,9.04,12.47,17.21,16.89
"MAGNA 1.2 W, UT US",,,,,,,,,,,,,,,,,,,20.05,40.190000000000005,31.15,29.11,39.36,19.21,18.93,,3.1799999999999997,,,,
"MAMMOTH COTTONWOOD, UT US",22.55,26.57,25.15,0.0,30.64,33.11,28.6,24.759999999999998,27.75,21.42,19.95,22.81,26.05,31.13,0.0,22.27,25.75,28.740000000000002,32.45,25.65,23.44,22.25,27.35,21.96,25.950000000000003,27.77,23.28,32.550000000000004,18.64,27.259999999999998,25.63
"MANILA 18 ESE, UT US",,,,,,,,,,,,,,,,,,,,3.28,8.27,12.790000000000001,3.15,,,,,,,,
"MANILA, UT US",,,,,,,,,,2.64,5.34,6.609999999999999,8.41,6.81,25.5,6.1499999999999995,9.0,4.49,8.56,11.16,3.02,10.23,9.59,10.14,8.040000000000001,7.56,8.39,11.959999999999999,5.78,11.17,12.99
"MANTI RADIO KMTI, UT US",,,,,,,,,,,,,,,,,,,,,,,,,5.71,9.97,9.77,12.09,6.47,10.73,7.390000000000001
"MANTI, UT US",11.7,14.73,12.22,52.0,12.91,14.85,16.49,13.73,12.72,13.16,10.209999999999999,11.17,13.03,12.84,21.9,11.26,10.98,12.49,16.92,15.620000000000001,13.25,13.04,14.43,15.09,12.05,10.63,11.14,13.71,8.4,13.129999999999999,9.620000000000001
"MANTUA 0.6 WNW, UT US",,,,,,,,,,,,,,,,,,,,,,,,,,,,,,3.45,22.71
"MARYSVALE, UT US",8.06,9.07,7.59,4.3,7.33,9.66,8.31,7.25,8.25,8.31,5.42,5.53,8.9,8.7,28.5,6.48,5.93,5.03,9.37,1.37,2.06,8.58,1.73,,0.67,7.6,8.37,10.32,4.4,10.26,5.1
"MCCOOK RIDGE, UT US",0.0,0.0,0.0,0.0,0.0,0.0,0.0,0.0,0.0,0.0,0.0,0.0,0.0,0.0,0.0,0.0,0.0,0.0,0.0,0.0,0.0,0.0,0.0,0.0,0.0,0.0,0.0,0.0,0.0,0.0,0.0
"MENDON 0.3 NE, UT US",,,,,,,,,,,,,,,,,,0.45,2.88,,,,,,,,,,,,
"MERCHANT VALLEY, UT US",25.96,27.36,28.93,0.0,31.23,36.800000000000004,35.22,25.64,28.029999999999998,29.63,17.86,26.15,26.47,34.36,0.0,21.68,26.83,28.66,37.230000000000004,29.14,27.47,26.259999999999998,24.259999999999998,28.66,30.84,24.37,26.580000000000002,36.74,13.49,28.88,22.759999999999998
"MEXICAN HAT 10 NW, UT US",,,,,,,,,,,,,,,,,,,2.56,5.46,6.26,8.97,0.92,,,,,,,,
"MEXICAN HAT, UT US",9.52,8.76,4.64,0.0,5.43,6.55,4.99,5.03,7.11,5.12,6.5600000000000005,5.75,6.6899999999999995,9.47,2.0,7.6000000000000005,5.93,5.8,10.56,4.7,3.77,6.73,4.08,13.860000000000001,8.07,3.73,2.16,,,,
"MIDVALE 1.7 NE, UT US",,,,,,,,,,,,,,,,,,,12.32,17.82,3.4299999999999997,,,,,,,,,,
"MIDWAY 3 NE, UT US",,,,,,,,,,,,,,,,,,,12.05,15.83,12.31,12.67,5.55,,,,,,,,
"MIDWAY VALLEY, UT US",36.82,44.16,32.95,0.0,34.63,34.17,47.839999999999996,25.16,33.17,27.94,18.77,24.72,46.66,50.35,0.0,24.95,38.96,30.259999999999998,51.64,33.56,32.67,25.58,23.75,34.18,34.84,29.67,31.06,48.18,17.6,37.96,27.67
"MILFORD 42 WNW, UT US",,,,,,,,,,,,,,,,,,,4.35,7.91,4.66,7.01,1.51,,,,,,,,
"MILFORD MUNICIPAL AIRPORT, UT US",,,,,,0.0,6.19,4.72,9.41,5.3,6.19,5.13,11.2,8.78,0.0,6.74,8.48,4.49,14.040000000000001,10.99,8.9,7.88,9.09,10.67,8.97,7.970000000000001,6.56,9.02,2.67,9.58,7.79
"MILFORD, UT US",7.9,6.77,,0.0,8.71,11.81,13.4,6.13,11.45,7.27,7.15,6.390000000000001,15.2,12.09,,2.32,9.54,5.84,14.99,11.15,8.129999999999999,7.73,8.23,12.86,7.95,8.08,11.610000000000001,13.41,3.18,12.36,8.31
"MILL D NORTH, UT US",31.86,48.71,40.25,0.0,51.71,44.49,48.71,41.65,40.43,33.93,30.740000000000002,38.45,39.32,46.129999999999995,0.0,36.089999999999996,44.42,41.26,47.81,47.15,33.13,31.94,41.88,32.74,36.15,41.57,35.76,48.75,28.75,43.18,38.37
"MILLCREEK 1.4 E, UT US",,,,,,,,,,,,,,,,,,,,,,,,,,,,2.88,10.11,15.97,2.85
"MILLVILLE 0.3 SE, UT US",,,,,,,,,,,,,,,,,,,5.36,,,,,,,,,,,,
"MINERS DRAW JENSEN 13 W UTAH, UT US",0.0,0.0,0.0,0.0,0.0,0.0,,,,,,,,,,,,,,,,,,,,,,,,,
"MINERSVILLE, UT US",11.54,13.02,12.77,0.0,10.620000000000001,14.74,16.52,8.7,10.74,11.61,4.85,9.030000000000001,14.54,15.6,0.0,10.63,7.45,6.52,14.68,2.86,10.25,3.98,,,,,,,,,
"MINING FORK, UT US",28.92,39.43,37.449999999999996,0.0,43.14,44.04,50.120000000000005,34.53,34.86,31.66,26.19,32.56,39.05,39.72,0.0,29.06,34.24,40.56,47.86,41.36,31.59,31.96,38.47,34.45,37.94,33.769999999999996,31.169999999999998,44.25,23.65,35.57,29.439999999999998
"MOAB 0.3 ENE, UT US",,,,,,,,,,,,,,,,,,1.3,7.99,4.390000000000001,1.63,2.41,,,,,,,,,
"MOAB 0.7 ESE, UT US",,,,,,,,,,,,,,,,,,,10.36,5.37,4.04,10.68,10.57,12.7,8.870000000000001,7.65,7.68,2.93,,,
"MOAB 1.3 NW, UT US",,,,,,,,,,,,,,,,,,1.2,10.66,8.36,4.91,9.61,10.84,13.27,7.93,7.46,8.09,8.73,3.46,8.96,10.14
"MOAB 17.8 SSE, UT US",,,,,,,,,,,,,,,,,,,,,,,,,,,,,,,8.5
"MOAB 19.1 ENE, UT US",,,,,,,,,,,,,,,,,,,,,,,,,,,,,,1.23,
"MOAB 2.7 SE, UT US",,,,,,,,,,,,,,,,,,,,,,,,,,4.43,7.22,8.56,2.19,5.84,
"MOAB 3.3 SE, UT US",,,,,,,,,,,,,,,,,,,6.51,2.46,0.8300000000000001,1.4000000000000001,9.08,3.51,2.87,3.52,0.6,5.65,3.91,4.07,
"MOAB 3.7 ESE, UT US",,,,,,,,,,,,,,,,,,1.3,2.37,6.18,3.46,6.640000000000001,7.9399999999999995,10.89,6.1,5.06,5.930000000000001,10.34,3.65,9.4,0.23
"MOAB 5.9 SE, UT US",,,,,,,,,,,,,,,,,,,4.1,,,,,,,,,,,,
"MOAB CANYONLAND AIRPORT, UT US",,,,,,,2.3899999999999997,7.02,6.300000000000001,5.7,5.03,5.63,8.25,8.18,0.0,6.1,5.2700000000000005,3.6999999999999997,6.8999999999999995,10.64,3.33,4.25,7.37,8.74,5.5,4.41,6.21,8.13,3.21,7.6,6.71
"MOAB, UT US",7.09,11.040000000000001,6.76,4.0,8.48,13.11,9.05,11.58,8.53,10.23,5.57,7.71,8.48,9.790000000000001,11.8,10.68,7.75,7.04,11.49,9.05,5.140000000000001,10.28,11.74,13.16,8.63,7.17,7.75,10.39,4.88,12.19,9.88
"MODENA, UT US",11.95,12.76,13.99,12.0,8.14,12.41,14.02,6.83,13.0,6.21,3.58,3.2800000000000002,0.0,,,,,,,,,,,,,,,,,,
"MONTE CRISTO, UT US",27.42,40.94,37.15,0.0,48.230000000000004,41.03,46.7,38.86,35.31,30.14,31.0,34.82,39.11,43.85,0.0,32.17,36.85,36.85,46.04,46.76,32.35,27.46,46.67,34.12,42.25,49.38,30.97,47.84,30.47,40.760000000000005,34.76
"MONTICELLO 0.3 W, UT US",,,,,,,,,,,,,,,,,,,,,,,,,,,,,,,1.24
"MONTICELLO 0.4 SW, UT US",,,,,,,,,,,,,,,,,,,,,,,,,,,,,,2.89,10.74
"MONTICELLO 0.8 SW, UT US",,,,,,,,,,,,,,,,,,,,,,,,,,,,2.08,,,
"MONTICELLO 0.9 W, UT US",,,,,,,,,,,,,,,,,,,11.16,13.629999999999999,8.73,,,,,,,,,,
"MONTICELLO 1.2 E, UT US",,,,,,,,,,,,,,,,,,,,,,,,,,,,,3.87,0.72,
"MONTICELLO 2 E, UT US",15.99,19.830000000000002,17.43,59.4,12.709999999999999,21.39,15.620000000000001,17.23,15.89,14.91,9.0,13.51,18.98,20.22,19.0,12.89,9.870000000000001,10.68,19.14,0.24,,,,,,,,,,,
"MONTICELLO 2.3 SW, UT US",,,,,,,,,,,,,,,,,,,,,,8.879999999999999,7.0,23.91,2.73,,,,,,
"MONTICELLO 24 NW, UT US",,,,,,,,,,,,,,,,,,,2.5,8.02,5.82,10.94,2.91,,,,,,,,
"MONTICELLO NUMBER 2, UT US",,,,,,,,,,,,,,,,,,,,10.77,12.01,16.34,13.98,23.56,17.259999999999998,11.53,13.65,20.69,9.54,16.61,13.66
"MOON LAKE, UT US",,,,,,,,,,,,,,,,,,,,,,,,,,,,,,,0.0
"MORGAN 0.8 SE, UT US",,,,,,,,,,,,,,,,,,4.58,20.65,17.11,10.95,11.1,19.81,13.62,,,,,,,
"MORGAN, UT US",13.55,9.57,16.41,41.699999999999996,21.67,13.42,20.08,16.39,13.95,10.41,13.46,15.49,17.53,18.03,53.9,14.02,14.55,15.190000000000001,16.43,2.12,2.19,,,,,5.73,15.58,21.47,11.34,16.21,14.55
"MORONI, UT US",8.4,11.15,7.35,27.0,7.390000000000001,10.56,11.57,8.6,16.69,6.88,7.8500000000000005,8.61,11.92,13.620000000000001,1.0,8.15,7.0200000000000005,6.3,11.030000000000001,0.92,9.79,3.41,3.91,1.25,2.87,10.59,7.2,8.3,4.7700000000000005,9.53,10.07
"MOSBY MOUNTAIN, UT US",25.53,29.44,29.96,0.0,35.620000000000005,31.99,33.03,28.96,28.55,22.75,20.06,25.13,35.65,31.63,0.0,21.13,23.33,25.56,32.339999999999996,30.34,20.38,22.05,23.650000000000002,26.52,28.22,30.55,17.57,31.83,14.97,29.240000000000002,22.66
"MOUNT BALDY, UT US",,,,,,,,,,,,,,,,,,,,,7.779999999999999,31.28,31.67,25.35,34.57,27.37,25.79,36.65,21.57,32.370000000000005,26.17
"MOUNT OLYMPUS 0.5 SW, UT US",,,,,,,,,,,,,,,,,8.83,24.77,27.36,23.94,19.79,2.5,,,,,,,,,
"MOUNTAIN DELL DAM, UT US",,,,,27.79,23.2,26.32,25.75,25.39,22.05,17.95,24.33,29.22,29.51,5.3,21.09,20.26,26.07,27.37,27.35,12.86,20.84,23.849999999999998,23.82,26.29,27.12,22.41,25.31,13.37,29.78,25.48
"MUD SPRING EUREKA 13 SW UTAH, UT US",0.0,0.0,0.0,0.0,0.0,0.0,0.0,0.0,0.0,0.0,0.0,0.0,0.0,0.0,0.0,0.0,0.0,0.0,0.0,0.0,0.0,0.0,0.0,0.0,0.0,0.0,0.0,0.0,0.0,0.0,0.0
"MURRAY 1.1 NW, UT US",,,,,,,,,,,,,,,,,,,,,,,,,,,2.19,,,0.29,
"MURRAY 1.8 SE, UT US",,,,,,,,,,,,,,,,,,,,,,,,,,,,6.16,8.06,18.6,12.190000000000001
"MUSKRAT SPRINGS DELLE 10 SSE, UT US",0.0,0.0,0.0,0.0,0.0,0.0,0.0,0.0,0.0,,,,,,,,,,,,,,,,,,,,,,
"MYTON, UT US",6.74,7.56,7.3,0.0,6.9399999999999995,12.14,7.109999999999999,7.4399999999999995,6.37,5.62,5.8,5.68,7.75,7.16,1.0,4.54,6.12,6.76,7.52,10.21,3.76,0.61,0.0,1.91,3.9299999999999997,0.03,0.26,1.48,3.51,7.76,4.62
"NAPLES 0.8 N, UT US",,,,,,,,,,,,,,,,,,,,0.31,0.11000000000000001,4.88,0.95,,1.4700000000000002,7.53,3.91,3.4299999999999997,,,
"NAPLES 2.8 SSE, UT US",,,,,,,,,,,,,,,,,,,,,,,0.24,9.92,12.75,6.9399999999999995,4.99,9.54,3.41,9.780000000000001,6.03
"NATURAL BRIDGES N.M., UT US",12.45,4.37,3.08,6.5,0.0,7.13,11.97,12.16,11.09,11.71,6.510000000000001,12.719999999999999,13.48,12.91,24.2,11.67,10.120000000000001,7.859999999999999,15.99,8.74,9.55,16.1,9.86,16.39,13.15,8.72,9.9,12.88,5.22,11.94,14.610000000000001
"NEOLA, UT US",8.120000000000001,8.5,8.71,4.5,9.44,13.33,10.67,9.1,10.15,8.12,6.59,7.7,11.9,9.45,36.5,6.41,7.96,8.34,11.48,2.67,5.09,9.64,9.57,12.22,8.51,9.799999999999999,7.21,11.97,4.82,8.709999999999999,7.83
"NEPHI, UT US",14.5,17.35,17.28,17.5,14.969999999999999,17.87,19.55,14.15,16.759999999999998,11.2,11.290000000000001,13.17,13.05,18.03,42.6,11.25,10.97,11.52,14.35,12.370000000000001,10.55,8.42,9.27,11.52,10.84,13.66,14.45,19.5,7.199999999999999,11.96,11.06
"NEW HARMONY, UT US",7.640000000000001,17.330000000000002,17.919999999999998,1.0,11.83,15.05,22.25,10.56,18.4,13.450000000000001,7.4399999999999995,11.780000000000001,28.67,29.1,77.2,10.16,19.060000000000002,10.02,18.38,7.12,14.55,15.17,14.77,17.93,21.04,13.110000000000001,14.42,22.330000000000002,7.3,21.82,11.13
"NEWCASTLE 0.6 SSW, UT US",,,,,,,,,,,,,,,,,,,,,,,,,,,6.050000000000001,9.69,4.41,10.45,8.25
"NIBLEY 1.0 WNW, UT US",,,,,,,,,,,,,,,,,,,,,,,,,,,,,,5.51,
"NORTH LOGAN 0.7 E, UT US",,,,,,,,,,,,,,,,,,,,13.68,,,,,,,,,,,
"NORTH LOGAN 0.8 ESE, UT US",,,,,,,,,,,,,,,,,,1.39,21.689999999999998,,14.350000000000001,17.64,18.91,18.48,23.86,26.17,17.14,22.77,12.74,6.04,
"NORTH LONG POINT UTAH, UT US",,,,,,0.0,0.0,0.0,0.0,0.0,0.0,0.0,0.0,0.0,0.0,0.0,0.0,0.0,0.0,0.0,0.0,0.0,0.0,0.0,0.0,0.0,0.0,0.0,0.0,0.0,0.0
"NORTH OGDEN 1.2 S, UT US",,,,,,,,,,,,,,,,,,,,8.040000000000001,17.939999999999998,16.61,20.92,24.77,27.93,25.65,15.88,10.66,,,
"NORWAY KAMAS 10 W UTAH, UT US",0.0,0.0,,0.0,0.0,0.0,0.0,0.0,0.0,0.0,0.0,0.0,0.0,0.0,0.0,0.0,0.0,0.0,0.0,0.0,0.0,0.0,0.0,0.0,0.0,0.0,0.0,0.0,0.0,0.0,0.0
"NUTTER S RANCH, UT US",,,,,,,,,,,,,,,,,,,,,,,,,,,,,,,0.0
"OAK CITY 0.3 SSE, UT US",,,,,,,,,,,,,,,,,7.79,12.7,17.740000000000002,16.69,11.76,11.5,12.3,11.09,13.85,14.08,13.95,17.42,5.32,16.98,10.95
"OAK CITY, UT US",9.97,13.43,16.66,31.0,14.15,17.45,20.32,13.71,16.86,8.02,10.64,13.08,13.44,21.73,38.0,13.96,10.35,12.58,18.62,15.11,11.17,11.68,11.709999999999999,10.26,14.16,12.23,12.25,15.16,5.05,13.57,8.07
"OAK CREEK, UT US",,,,,,,,,,,,,,,,,,,16.09,25.94,24.99,17.86,21.07,19.869999999999997,17.37,19.79,17.16,31.25,10.4,26.18,19.86
"OAKLEY 0.9 SW, UT US",,,,,,,,,,,,,,,,,,,,,,,,,,,,,6.18,18.36,11.059999999999999
"OAKLEY 1.0 SW, UT US",,,,,,,,,,,,,,,,,,,2.8,,,,,,,,,,,,
"OASIS 1.2 NE, UT US",,,,,,,,,,,,,,,,,,,,,,1.58,7.1,,6.38,0.5,,,,,
"OGDEN 2.0 NE, UT US",,,,,,,,,,,,,,,,,,,,26.1,19.92,15.16,,,,,,,,,
"OGDEN HINKLEY AIRPORT, UT US",,,,,,,14.32,14.24,17.28,12.35,10.93,13.09,18.349999999999998,21.39,0.0,13.99,12.17,17.75,17.439999999999998,22.18,13.95,10.35,13.99,18.24,17.97,15.99,10.58,21.36,7.86,11.83,11.45
"OGDEN NE BENCH, UT US",,,,,,,,,,,,,,,,,,,,27.279999999999998,19.58,15.54,20.14,26.31,27.48,23.5,16.02,31.740000000000002,13.25,20.43,17.939999999999998
"OGDEN PIONEER PH, UT US",12.64,26.91,20.39,24.0,25.83,21.689999999999998,29.72,18.71,20.36,16.79,16.21,16.33,21.47,25.97,5.0,17.82,13.22,17.509999999999998,8.72,,,,,,,,,,,,
"OGDEN SUGAR FACTORY, UT US",13.73,20.68,21.64,0.0,23.39,20.98,23.7,13.059999999999999,14.38,8.3,13.0,15.39,19.45,18.23,0.0,3.8200000000000003,6.43,0.7,,,,,,,,,,,,,
"OLMSTEAD PH, UT US",18.189999999999998,24.29,18.36,30.0,20.77,19.56,26.78,19.9,20.77,13.45,4.9799999999999995,0.0,,,,,,,,,,,,,,,,,,,
"ORDERVILLE, UT US",17.95,23.14,13.87,19.0,15.73,15.64,22.0,9.11,14.08,16.29,8.57,9.16,19.71,29.07,38.4,11.41,14.870000000000001,9.09,26.86,4.74,15.44,9.92,3.38,,,,,,,,
"OREM 1.4 ESE, UT US",,,,,,,,,,,,,,,,,,,,,,,,,,,,,1.28,11.57,11.46
"OREM 1.7 SSW, UT US",,,,,,,,,,,,,,,,,,,,,,,,,3.0,8.99,5.91,7.2299999999999995,0.12,6.77,1.8199999999999998
"OREM 2.6 S, UT US",,,,,,,,,,,,,,,,,,1.96,12.399999999999999,16.19,4.74,,,,,,,,,,
"OREM TREATMENT PLANT, UT US",11.8,7.99,2.19,34.8,15.07,13.44,15.48,13.799999999999999,11.55,8.25,10.290000000000001,13.04,11.5,17.66,32.3,10.120000000000001,7.18,13.63,5.5600000000000005,,,,,,,,,,,,
"ORTON 4.7 SSE, UT US",,,,,,,,,,,,,,,,,,,,,,,,,,,8.1,13.45,6.53,10.73,9.93
"OTTER CREEK UTAH, UT US",,,,,,,,,,,0.0,0.0,0.0,0.0,0.0,0.0,0.0,0.0,0.0,0.0,0.0,0.0,0.0,0.0,0.0,0.0,0.0,0.0,0.0,0.0,0.0
"OURAY 4 NE, UT US",8.19,8.61,5.6000000000000005,5.4,7.3,10.77,7.95,6.609999999999999,7.83,4.71,5.96,5.35,5.3500000000000005,6.05,5.2,5.79,6.96,6.69,7.6,0.0,2.8,7.78,7.9399999999999995,10.36,10.02,7.08,4.64,7.13,4.25,8.66,6.96
"PANGUITCH 0.1 E, UT US",,,,,,,,,,,,,,,,,,,,,,,,,,5.26,4.13,,,,
"PANGUITCH LAKE RANGER STATION, UT US",,,,,,,,,,,,,,,,,,,,,,,2.28,18.48,17.03,15.68,14.469999999999999,27.78,8.18,19.56,17.169999999999998
"PANGUITCH, UT US",11.74,10.5,10.81,4.5,8.61,13.22,12.08,9.07,8.77,9.17,5.54,2.27,7.17,2.0,,,,2.81,11.1,4.59,2.58,12.290000000000001,14.73,13.93,9.84,10.32,11.57,15.21,5.96,12.07,3.58
"PARAGONAH, UT US",13.469999999999999,12.85,14.49,40.5,15.1,14.62,17.52,6.98,12.04,10.02,1.31,4.359999999999999,8.040000000000001,1.6,,3.5100000000000002,1.12,,0.0,,,,,,,,,,,0.0,5.65
"PARIA RANGER STATION, UT US",,,,,,,,7.57,8.989999999999998,9.14,4.02,1.8299999999999998,9.71,10.51,0.0,4.48,7.359999999999999,5.13,7.99,2.15,2.87,7.42,3.54,9.54,5.16,3.81,8.24,1.9,0.32,6.52,4.65
"PARIETTE DRAW, UT US",,0.0,0.0,0.0,0.0,0.0,0.0,0.0,0.0,,,,,,,,,,,,,,,,,,,,,,
"PARK CITY 1.3 E, UT US",,,,,,,,,,,,,,,,,,1.87,8.35,2.29,11.8,10.15,7.06,,,,,,,,
"PARK CITY 1.4 NNW, UT US",,,,,,,,,,,,,,,,,,,,,,,,,,,,,1.46,15.719999999999999,8.69
"PARK CITY 4 NW, UT US",2.02,,,,,,,,,,,,,,,,,,,,,,,,,,,,,,
"PARK CITY 5.5 NNE, UT US",,,,,,,,,,,,,,,,,4.25,0.94,3.04,,1.51,6.1,14.33,8.620000000000001,,,,,,,
"PARK CITY 8.6 NNW, UT US",,,,,,,,,,,,,,,,,,,,2.09,7.2,,,,,,,,,,
"PARK CITY 8.7 NW, UT US",,,,,,,,,,,,,,,,,,,,,,5.92,,,,,,,,,
"PARK CITY, UT US",6.98,23.92,16.86,97.1,21.73,11.540000000000001,23.12,18.91,16.53,18.05,14.14,16.18,21.88,24.42,164.6,13.450000000000001,,,,,,,,6.869999999999999,18.84,16.77,18.17,26.61,6.09,1.73,0.89
"PARLEY S SUMMIT, UT US",27.08,37.44,34.76,0.0,40.269999999999996,34.93,39.51,32.95,32.44,29.049999999999997,24.740000000000002,32.14,31.67,36.98,0.0,28.15,32.32,32.44,41.88,37.43,27.14,28.65,34.96,27.85,33.480000000000004,35.89,27.66,38.55,24.26,37.06,33.16
"PAROWAN 0.5 NNW, UT US",,,,,,,,,,,,,,,,,,,,,,,,,,,,7.02,6.0600000000000005,14.25,9.94
"PARRISH CREEK, UT US",,,,,,,,6.1,45.46,41.04,33.44,40.56,42.15,53.959999999999994,0.0,40.05,41.36,52.37,51.769999999999996,53.68,37.46,35.48,43.57,41.05,45.16,44.67,35.46,54.769999999999996,30.369999999999997,42.52,37.370000000000005
"PARTOUN, UT US",3.7800000000000002,6.7,6.09,12.8,6.4399999999999995,10.08,8.99,5.19,8.77,5.78,3.1999999999999997,5.95,8.62,7.86,3.4,2.5,1.43,9.36,8.97,11.23,7.23,7.07,5.67,7.18,5.68,5.4,5.739999999999999,8.48,1.9900000000000002,7.16,3.25
"PAYSON RANGER STATION, UT US",25.52,28.06,25.73,0.0,30.14,30.619999999999997,35.39,24.31,24.44,22.16,18.68,27.33,28.439999999999998,28.44,0.0,22.96,27.450000000000003,27.23,33.44,25.32,22.98,22.439999999999998,24.34,20.74,21.78,22.97,24.86,33.46,15.86,25.86,23.36
"PAYSON, UT US",13.35,20.67,18.25,0.0,7.96,18.16,19.240000000000002,11.860000000000001,,,,,,,,,,,,,,,,,,,,,,,
"PERRY 0.6 S, UT US",,,,,,,,,,,,,,,,,,,9.129999999999999,11.37,8.74,4.83,2.45,3.9,6.1,12.74,13.049999999999999,14.73,4.79,3.59,10.96
"PICKLE KEG, UT US",28.65,30.33,28.56,0.0,32.86,40.75,37.74,32.76,27.27,31.45,23.35,31.37,30.98,34.35,0.0,30.97,29.55,34.14,39.74,36.65,31.88,33.19,33.03,27.75,28.369999999999997,26.64,25.15,37.04,21.78,28.15,26.07
"PINE CREEK, UT US",23.53,29.169999999999998,36.37,0.0,32.12,41.64,42.86,32.54,35.85,29.67,24.4,34.980000000000004,34.67,35.03,0.0,34.760000000000005,33.48,31.98,44.76,39.84,29.67,33.769999999999996,33.37,30.28,34.96,28.88,35.58,39.46,18.48,30.27,27.770000000000003
"PINEVIEW DAM, UT US",5.6499999999999995,8.48,0.25,0.0,1.76,4.98,38.82,27.98,31.45,27.95,20.52,24.810000000000002,33.74,35.88,117.9,24.6,31.25,31.62,32.87,37.74,23.9,18.75,31.15,29.9,34.55,27.22,20.99,34.55,19.36,24.48,24.49
"PLEASANT GROVE 1.0 WNW, UT US",,,,,,,,,,,,,,,,,,,,11.33,13.98,5.52,,,,,,,,,
"PLEASANT GROVE UTAH, UT US",,,,,,0.0,0.0,0.0,0.0,0.0,0.0,0.0,0.0,0.0,0.0,0.0,0.0,0.0,0.0,0.0,0.0,0.0,0.0,0.0,0.0,0.0,0.0,0.0,0.0,0.0,0.0
"PLEASANT GROVE, UT US",15.51,15.58,18.48,29.4,17.7,19.15,22.72,18.15,19.07,12.91,12.69,15.7,17.29,27.3,63.8,14.11,12.57,20.22,19.200000000000003,17.31,8.129999999999999,5.46,8.81,8.459999999999999,1.36,7.96,8.7,23.97,10.98,16.240000000000002,13.61
"PLEASANT VIEW 1.2 S, UT US",,,,,,,,,,,,,,,,,,,,,,,,,,,,,,,8.27
"PLYMOUTH, UT US",8.379999999999999,15.9,11.45,23.2,13.76,13.79,20.27,13.32,12.6,4.25,8.790000000000001,11.07,17.67,20.93,0.0,10.85,12.89,10.5,17.4,15.48,9.33,7.48,13.84,12.99,20.9,16.55,11.21,23.5,10.92,15.08,11.75
"PRICE 2.2 W, UT US",,,,,,,,,,,,,,,,,,,,,,,,,,,4.9399999999999995,11.07,4.03,1.6600000000000001,
"PRICE 3 E, UT US",,,,,,,,,,,,,,,,,,,,1.94,5.61,8.03,2.22,,,,,,,,
"PRICE 6.6 ESE, UT US",,,,,,,,,,,,,,,,,,,,,,,,,,,,,,4.01,
"PRICE BLM, UT US",10.709999999999999,10.93,9.41,3.5,10.55,17.36,8.93,7.710000000000001,9.72,6.91,5.34,5.34,10.61,9.58,7.0,6.1,7.04,7.07,4.23,1.79,5.92,8.66,7.57,7.0,7.830000000000001,7.17,,,,,
"PRICE CARBON CO AIRPORT, UT US",,,,,,,1.93,8.0,9.21,6.31,5.71,5.42,11.16,13.08,0.0,4.62,8.73,7.2700000000000005,8.67,9.38,5.59,2.98,7.64,8.6,8.67,7.07,7.17,10.7,4.0200000000000005,9.51,6.39
"PROMONTORY, UT US",7.94,10.5,6.17,,,,,,,,,,,,,,,,,,,,,,,,,,,,
"PROVIDENCE 0.2 W, UT US",,,,,,,,,,,,,,,,,,,,,,,,,,,10.29,5.29,,,
"PROVIDENCE 0.5 NW, UT US",,,,,,,,,,,,,,,,,,,,,12.81,9.81,4.97,,,,,,,,
"PROVIDENCE 0.7 NW, UT US",,,,,,,,,,,,,,,,,,,,,,,,,,,1.44,15.24,4.609999999999999,1.69,6.59
"PROVIDENCE 0.8 WNW, UT US",,,,,,,,,,,,,,,,,4.09,20.15,10.92,25.4,8.55,9.44,13.2,15.64,18.4,23.57,13.78,19.419999999999998,10.67,15.91,16.95
"PROVO 22 E, UT US",,,,,,,,,,,,,,,,,,,19.38,22.55,14.82,11.4,11.26,,,,,,,,
"PROVO 3.4 SSE, UT US",,,,,,,,,,,,,,,,,4.14,11.14,,,,,,,,,,,,,
"PROVO BYU, UT US",17.9,23.94,18.48,44.5,21.81,20.25,22.869999999999997,17.65,17.29,11.91,10.65,16.7,18.62,23.08,66.0,15.45,12.73,19.5,21.62,19.89,12.99,13.02,16.9,15.719999999999999,14.35,15.030000000000001,13.53,17.060000000000002,7.29,17.68,12.76
"RANDOLPH 0.4 NNW, UT US",,,,,,,,,,,,,,,,,,,,,,,,,,,,2.75,0.44999999999999996,,
"RANDOLPH, UT US",9.02,7.75,,,8.38,22.49,23.43,16.98,13.84,13.9,14.25,13.01,14.44,16.77,66.2,10.43,11.25,12.69,16.4,16.05,9.68,10.75,20.07,8.56,13.76,17.53,12.15,11.43,6.43,7.75,11.82
"RAY S VALLEY UTAH, UT US",,,,,0.0,0.0,0.0,0.0,0.0,0.0,0.0,0.0,0.0,0.0,0.0,0.0,0.0,0.0,0.0,0.0,0.0,0.0,0.0,0.0,0.0,0.0,0.0,0.0,0.0,0.0,0.0
"RED DOME ROSETTE 22 S, UT US",0.0,0.0,0.0,0.0,0.0,0.0,0.0,,,,,,,,,,,,,,,,,,,,,,,,
"RED PINE RIDGE, UT US",26.17,32.04,27.64,0.0,35.730000000000004,37.03,34.69,26.810000000000002,30.17,24.96,22.83,27.58,29.2,34.379999999999995,0.0,23.84,29.27,31.35,36.67,31.169999999999998,24.48,26.63,35.269999999999996,22.46,30.759999999999998,31.08,26.77,35.47,20.46,31.16,28.36
"REDDEN MINE LWR, UT US",,,,,,,,,,,,,,,,,,,,,10.08,26.13,34.05,28.15,31.57,37.29,26.36,39.64,22.06,34.35,28.59
"REES FLAT, UT US",,,,,,,,,,,,,,,,,,,,,8.19,20.98,22.66,18.6,24.05,20.47,21.75,28.88,14.07,24.759999999999998,22.6
"RICHFIELD RADIO KSVC, UT US",7.64,9.71,7.61,6.8,6.62,9.31,10.16,7.85,7.41,7.14,6.510000000000001,7.33,8.82,6.99,23.5,5.61,5.85,4.1899999999999995,10.17,10.78,7.67,9.07,10.09,8.41,6.58,2.39,6.64,5.95,2.54,8.96,6.25
"RICHMOND 0.5 WNW, UT US",,,,,,,,,,,,,,,,,5.92,3.26,9.51,25.89,17.009999999999998,13.23,19.46,18.76,25.13,26.3,9.52,4.23,11.86,15.309999999999999,16.74
"RICHMOND 1.6 NE, UT US",,,,,,,,,,,,,,,,,,5.68,7.49,1.51,,,,,,,,,,,
"RICHMOND, UT US",14.469999999999999,19.740000000000002,15.75,54.0,24.009999999999998,22.29,26.71,20.06,19.1,14.0,13.83,16.52,21.64,26.939999999999998,56.9,15.23,18.56,15.69,19.87,26.36,18.01,13.01,21.0,20.080000000000002,26.87,25.85,15.15,25.95,14.48,15.48,16.53
"ROCK CREEK, UT US",15.280000000000001,25.48,21.65,0.0,30.060000000000002,28.119999999999997,25.37,22.759999999999998,22.37,17.34,14.889999999999999,18.33,24.17,26.43,0.0,18.04,19.66,21.36,27.75,22.73,16.15,19.98,22.44,21.23,23.82,21.15,17.95,29.05,11.959999999999999,27.56,17.96
"ROCKVILLE 5.1 SW, UT US",,,,,,,,,,,,,,,,,,,6.04,11.629999999999999,11.9,15.290000000000001,10.530000000000001,14.18,14.75,5.99,,,,,
"ROCKY BASIN SETTLEME, UT US",32.15,45.34,38.33,0.0,44.53,43.129999999999995,57.54,34.95,41.26,35.76,29.37,34.72,43.839999999999996,46.56,0.0,30.05,39.48,38.18,52.09,41.27,32.78,37.86,37.35,34.94,38.25,39.18,30.400000000000002,53.86,22.97,38.15,33.46
"ROOSEVELT 0.2 WSW, UT US",,,,,,,,,,,,,,,,,,,,0.39,,,,,,,,,,,
"ROOSEVELT 1.1 SE, UT US",,,,,,,,,,,,,,,,,,,,1.46,2.54,,,,,,,,,,
"ROOSEVELT RADIO, UT US",6.63,8.19,8.41,4.0,7.49,11.950000000000001,7.83,7.64,7.2299999999999995,2.55,0.0,0.0,0.0,4.56,19.0,5.21,6.6,4.99,8.35,9.03,4.25,8.66,5.5200000000000005,8.09,9.82,6.25,4.859999999999999,8.2,4.61,7.43,6.02
"ROSEBUD UTAH, UT US",,,,,,,,,,,0.0,0.0,0.0,0.0,0.0,0.0,0.0,0.0,0.0,0.0,0.0,0.0,0.0,0.0,0.0,0.0,0.0,0.0,0.0,0.0,0.0
"ROSETTE, UT US",10.69,13.39,8.44,0.0,15.780000000000001,12.51,19.48,12.25,11.9,8.27,6.67,9.5,13.14,15.52,0.0,7.4,7.29,13.03,13.45,5.41,7.1,9.709999999999999,14.15,15.24,14.64,11.64,8.74,15.11,6.8100000000000005,8.43,8.33
"ROY 0.5 NE, UT US",,,,,,,,,,,,,,,,,,2.83,15.23,4.3,,,,,,,,,,,
"ROY 1.7 NNE, UT US",,,,,,,,,,,,,,,,,,,9.44,13.57,11.7,12.129999999999999,3.53,,,,,,,,
"SALEM 1.2 SW, UT US",,,,,,,,,,,,,,,,,,,10.33,,,,,,,,,,,,
"SALINA 24 E, UT US",14.389999999999999,15.620000000000001,10.75,68.4,13.88,19.16,20.52,12.67,13.21,11.18,10.709999999999999,9.290000000000001,10.33,14.58,94.9,7.59,8.54,11.03,17.259999999999998,11.620000000000001,10.19,14.62,15.24,16.28,14.68,11.85,10.57,16.65,7.24,15.43,18.18
"SALINA, UT US",7.01,11.77,2.7600000000000002,,,,,,,,,,,,14.0,11.89,14.42,12.33,15.6,9.72,,,,,,,,,,,
"SALT LAKE CITY 0.7 NNW, UT US",,,,,,,,,,,,,,,,,,,9.5,5.5,,,,,,,,,,,
"SALT LAKE CITY 1.8 SE, UT US",,,,,,,,,,,,,,,,,,,17.34,23.06,15.07,15.77,17.52,19.419999999999998,16.77,20.68,11.49,24.22,10.26,19.25,15.92
"SALT LAKE CITY 2.1 NE, UT US",,,,,,,,,,,,,,,,,,,11.04,,,3.33,,,,,,,6.6499999999999995,18.82,18.17
"SALT LAKE CITY 2.1 SE, UT US",,,,,,,,,,,,,,,,,7.96,20.58,23.37,23.66,15.33,15.65,17.32,19.62,19.11,20.4,3.1399999999999997,,,,
"SALT LAKE CITY 3.3 E, UT US",,,,,,,,,,,,,,,,,2.13,20.86,4.56,6.87,10.83,9.02,15.36,12.67,12.55,21.83,10.03,8.23,5.04,15.379999999999999,15.41
"SALT LAKE CITY 3.6 SE, UT US",,,,,,,,,,,,,,,,,,1.71,23.94,23.34,13.67,14.059999999999999,12.44,16.66,,,,,,,
"SALT LAKE CITY 3.8 E, UT US",,,,,,,,,,,,,,,,,,,,,1.74,0.75,,,2.38,,1.02,2.28,,,1.12
"SALT LAKE CITY 4.1 ESE, UT US",,,,,,,,,,,,,,,,,,,,,,,,,,,10.16,11.870000000000001,,,
"SALT LAKE CITY 4.5 SE, UT US",,,,,,,,,,,,,,,,,,,,,18.69,19.02,18.69,13.95,,,,,,,
"SALT LAKE CITY 4.9 SE, UT US",,,,,,,,,,,,,,,,,,14.93,25.04,25.45,16.73,12.22,4.25,,,,,,,,
"SALT LAKE CITY 8.3 ENE, UT US",,,,,,,,,,,,,,,,,5.75,,,,,,,,,,,,,,
"SALT LAKE CITY 8.3 WSW, UT US",,,,,,,,,,,,,,,,,,,,,,,,7.81,,,3.83,18.89,8.1,11.06,11.18
"SALT LAKE CITY E BENCH, UT US",14.47,28.299999999999997,22.38,55.8,25.33,18.6,30.18,21.94,20.72,20.53,16.400000000000002,21.810000000000002,22.09,1.68,,,,,,,,,,,,,,,,,
"SALT LAKE CITY INTERNATIONAL AIRPORT, UT US",12.1,18.89,15.290000000000001,40.2,17.33,16.95,23.81,13.54,16.37,15.07,10.3,15.96,14.9,16.9,56.300000000000004,13.4,11.77,15.879999999999999,18.72,19.16,12.68,11.66,14.47,16.17,14.89,16.03,13.23,20.12,8.99,15.370000000000001,12.59
"SALT LAKE TRIAD CENTER, UT US",14.84,21.77,17.919999999999998,40.5,18.08,21.439999999999998,28.669999999999998,17.34,16.57,16.12,9.620000000000001,15.940000000000001,11.4,20.85,33.9,12.92,10.79,16.72,19.240000000000002,12.159999999999998,9.86,6.03,,,,,,,,,
"SANDY 1.0 ESE, UT US",,,,,,,,,,,,,,,,,1.93,,,,,,,,,,,,,,
"SANDY 1.1 NNE, UT US",,,,,,,,,,,,,,,,,,,15.34,24.21,14.63,16.63,17.7,17.59,17.17,20.17,16.54,25.05,9.17,18.95,13.96
"SANDY 1.2 SSW, UT US",,,,,,,,,,,,,,,,,,4.72,6.63,2.02,2.72,,,,,,,,,,
"SANDY 1.6 NE, UT US",,,,,,,,,,,,,,,,,4.359999999999999,6.12,7.4,,0.71,,,,,1.3599999999999999,14.38,20.15,,,
"SANDY 1.7 WNW, UT US",,,,,,,,,,,,,,,,,,,,,,,9.36,1.53,,,,,,,
"SANDY 2.0 ESE, UT US",,,,,,,,,,,,,,,,,,5.220000000000001,27.78,26.69,21.2,19.740000000000002,21.97,23.58,23.1,22.35,21.18,32.05,12.66,7.390000000000001,
"SANDY 2.0 NE, UT US",,,,,,,,,,,,,,,,,6.83,16.94,19.119999999999997,22.71,18.21,18.58,21.15,21.2,22.05,22.77,19.84,29.62,12.57,24.22,17.37
"SANDY 2.1 WNW, UT US",,,,,,,,,,,,,,,,,,1.93,15.530000000000001,20.740000000000002,10.45,,,,,5.62,13.639999999999999,20.3,7.89,18.46,12.57
"SANDY 2.7 SE, UT US",,,,,,,,,,,,,,,,,2.32,,,,,,,,,,,,,,
"SANTA CLARA 1.3 SE, UT US",,,,,,,,,,,,,,,,,,,4.33,1.52,,,,,,,,,,,
"SANTAQUIN CHLORINATOR, UT US",14.21,21.43,19.95,29.0,21.21,21.3,23.87,17.81,18.14,13.76,10.75,16.81,18.99,21.82,71.3,15.95,19.34,19.87,17.86,3.23,15.63,16.03,18.009999999999998,14.23,16.09,17.080000000000002,19.11,21.2,7.79,16.78,12.47
"SCIPIO, UT US",9.16,14.76,5.48,0.0,6.51,6.72,8.54,13.02,14.74,11.01,12.27,12.75,13.94,17.17,58.5,13.239999999999998,12.66,9.99,17.35,9.82,10.190000000000001,12.620000000000001,13.17,9.69,10.56,12.379999999999999,12.99,16.47,6.13,17.29,11.98
"SCOFIELD DAM, UT US",,,,,,,,,,,,,,,,,,,,,,,,,,,,,,,0.0
"SCOFIELD SKYLINE MINE, UT US",21.59,27.37,22.97,180.6,32.44,31.04,24.53,24.63,25.79,22.35,20.97,24.04,24.259999999999998,27.88,263.6,23.939999999999998,20.12,25.24,31.82,28.8,19.45,21.54,29.060000000000002,23.5,27.96,31.73,23.01,30.73,16.16,27.759999999999998,22.63
"SEELEY CREEK, UT US",21.65,27.169999999999998,21.95,0.0,27.22,27.37,30.93,24.63,23.73,22.05,16.75,20.06,23.75,27.43,0.0,19.36,19.34,21.06,26.46,25.04,18.95,25.650000000000002,23.37,19.83,23.16,23.15,20.56,25.16,14.469999999999999,23.01,18.96
"SEGO CANYON THOMPSON 10 N UTA, UT US",0.0,0.0,0.0,0.0,0.0,0.0,,,,,,,,,,,,,,,,,,,,,,,,,
"SEVIER DRY LAKE, UT US",6.14,3.29,,,,,,,,,,,,,,,,,,,,,,,,,,,,,
"SEVIER RESERVOIR SCIPIO 9 NNE, UT US",0.0,0.0,0.0,0.0,0.0,0.0,0.0,0.0,0.0,0.0,0.0,0.0,0.0,0.0,0.0,0.0,0.0,0.0,0.0,0.0,0.0,0.0,0.0,0.0,0.0,0.0,0.0,0.0,0.0,0.0,0.0
"SHIFTING SANDS RANCH, UT US",5.109999999999999,,,,,,,,,,,,,,,,,,,,,,,,,,,,,,
"SIGNAL PEAK MONROE 5 E UTAH, UT US",0.0,0.0,0.0,0.0,0.0,0.0,0.0,0.0,0.0,0.0,0.0,0.0,0.0,0.0,0.0,0.0,0.0,0.0,0.0,0.0,0.0,0.0,0.0,0.0,0.0,0.0,0.0,0.0,0.0,0.0,0.0
"SIGURD U P AND L, UT US",9.54,11.11,10.37,18.0,,,,,,,,,,,,,,,,,,,,,,,,,,,
"SILVER LAKE BRIGHTON, UT US",33.71,48.49,43.16,411.9,55.83,42.74,49.81,40.23,39.93,39.49,32.61,31.14,38.06,40.25,398.6,35.019999999999996,44.3,42.510000000000005,54.91,8.440000000000001,25.66,28.08,43.96,28.57,39.45,44.39,33.769999999999996,35.55,23.88,39.29,32.129999999999995
"SIMPSON SPRINGS VERNON 18 W, UT US",0.0,0.0,0.0,0.0,0.0,0.0,,,,,,,,,,,,,,,,,,,,,,,,,
"SIXMILE RIDGE 0.5 SW, UT US",,,,,,,,,,,,,,,,,,,,,,4.63,7.61,4.82,4.61,,,,,,
"SKUNK RIDGE DELLE 8 NW, UT US",0.0,0.0,0.0,0.0,0.0,0.0,,,,,,,,,,,,,,,,,,,,,,,,,
"SMITH AND MOREHOUSE, UT US",26.23,36.28,27.53,0.0,35.73,30.13,33.83,30.44,27.42,22.33,21.94,25.54,27.83,31.57,0.0,24.02,30.14,33.25,36.31,29.86,19.72,23.14,27.05,23.61,22.64,24.62,15.74,25.65,13.74,21.91,20.740000000000002
"SNAKE CREEK POWERHOUSE, UT US",19.77,27.95,21.740000000000002,66.5,31.259999999999998,20.73,23.73,20.21,18.78,16.29,5.45,5.98,18.5,20.37,0.0,11.77,11.09,,,,,,,,,,,,,,0.0
"SNOWBIRD, UT US",44.5,58.01,56.34,0.0,67.43,53.54,62.33,51.57,52.05,50.36,42.65,50.47,57.46,66.47,0.0,45.47,60.86,55.68,70.02,61.65,47.86,42.08,52.989999999999995,42.75,55.64,53.29,45.69,67.48,40.08,54.56,49.05
"SNYDERVILLE, UT US",,26.79,15.56,0.0,0.04,7.13,18.24,13.09,15.75,12.07,11.290000000000001,12.09,14.66,16.21,77.0,16.060000000000002,13.64,20.37,23.41,9.88,13.04,14.32,21.58,13.97,15.399999999999999,15.78,10.8,18.37,10.84,6.8100000000000005,12.6
"SOLDIER SUMMIT, UT US",0.0,0.0,,,,,7.2,11.48,18.26,13.16,0.2,,,,,,,,,,,,,,,,,,,,
"SOUTH OGDEN 1.2 ESE, UT US",,,,,,,,,,,,,,,,,,,,,,10.12,,,,,,,,,
"SOUTH OGDEN 1.3 N, UT US",,,,,,,,,,,,,,,,,,,,,,,,,,,,,,1.58,15.51
"SOUTH OGDEN 1.5 SSE, UT US",,,,,,,,,,,,,,,,,,,,15.26,,,,,,,,,,,
"SOUTH SALT LAKE 2.4 NE, UT US",,,,,,,,,,,,,,,,,7.109999999999999,15.18,22.11,21.95,3.8,,,,,,,,,,
"SOUTH WEBER 0.3 ESE, UT US",,,,,,,,,,,,,,,,,,,,7.01,5.3,,,,,,,,,,
"SPANISH FORK 1.0 W, UT US",,,,,,,,,,,,,,,,,0.07,,5.14,3.5,11.84,15.45,15.17,11.540000000000001,12.41,9.36,16.32,,,,
"SPANISH FORK POWER HOUSE, UT US",16.91,22.83,22.97,42.1,23.81,26.07,26.849999999999998,18.77,20.07,16.01,13.78,19.58,19.12,23.2,84.7,16.99,16.93,24.259999999999998,23.67,5.17,14.33,16.95,19.94,14.92,15.2,22.080000000000002,21.67,24.85,9.110000000000001,20.67,18.41
"SPANISH VALLEY 25 SW, UT US",,,,,,,,,,,,,,,,,,,,1.93,6.51,11.39,4.38,,,,,,,,
"SPIRIT LK, UT US",,,,,,,,,,,,,,,,,,8.17,36.47,40.29,22.14,27.95,31.36,31.520000000000003,40.02,28.25,24.07,35.34,23.23,36.92,31.17
"SPRINGDALE 0.6 SW, UT US",,,,,,,,,,,,,,,,,,,11.26,9.74,10.51,11.790000000000001,10.55,12.03,5.96,,,,,,
"SQUAW SPRINGS, UT US",,,,,,,,,,,,,,,,,,,14.58,25.46,23.99,24.85,19.580000000000002,24.18,20.45,19.66,17.13,24.580000000000002,11.88,23.09,14.96
"ST GEORGE 3.1 NW, UT US",,,,,,,,,,,,,,,,,,,,,,,,,,,4.98,9.780000000000001,,,0.39
"ST GEORGE MUNICIPAL AIRPORT, UT US",,,,,,,,,,,,,,,,,,,,,,,,,,4.78,5.88,1.4400000000000002,4.57,2.7800000000000002,4.57
"ST. GEORGE 1.5 SSW, UT US",,,,,,,,,,,,,,,,,,,10.98,4.35,6.13,3.31,,,,,,,,,
"ST. GEORGE 11.9 N, UT US",,,,,,,,,,,,,,,,,,,,,,,,,,3.9299999999999997,10.41,21.85,8.45,13.6,10.219999999999999
"ST. GEORGE 15 NE, UT US",,,,,,,,,,,,,,,,,,,9.370000000000001,7.99,6.6499999999999995,,,,,,,,,,
"ST. GEORGE 2.2 SSE, UT US",,,,,,,,,,,,,,,,,,,,,5.15,,,,,,,,,,
"ST. GEORGE 4.1 NNW, UT US",,,,,,,,,,,,,,,,,,,8.93,5.62,6.11,0.52,2.09,6.83,1.08,1.61,0.85,,,,
"ST. GEORGE 4.1 SSW, UT US",,,,,,,,,,,,,,,,,,,,,,,,,,,3.99,11.13,5.38,7.47,5.26
"ST. GEORGE, UT US",4.35,11.09,8.93,0.0,6.5,10.67,13.97,5.5200000000000005,7.41,6.43,3.18,5.8,8.73,10.6,4.1,7.430000000000001,4.17,3.15,14.9,2.42,8.39,2.24,0.6,11.1,11.809999999999999,10.49,9.94,16.16,7.13,8.84,5.890000000000001
"STANSBURY PARK 1.1 SSE, UT US",,,,,,,,,,,,,,,,,2.74,,,,,,,,,,,,,,
"STEEL CREEK PARK, UT US",24.12,29.14,26.82,0.0,31.62,31.72,31.07,31.0,26.61,22.74,22.25,31.32,29.44,28.59,0.0,24.380000000000003,30.64,29.26,34.54,35.96,23.57,31.169999999999998,32.37,27.52,35.269999999999996,33.95,24.55,33.730000000000004,23.93,32.15,31.03
"STOCKTON 0.6 NW, UT US",,,,,,,,,,,,,,,,,,,16.3,14.48,11.43,21.7,12.27,13.690000000000001,11.870000000000001,9.469999999999999,7.64,12.51,,,
"STRAWBERRY DIVIDE, UT US",26.740000000000002,33.96,29.43,0.0,44.95,36.46,35.15,26.080000000000002,31.060000000000002,24.520000000000003,19.44,23.17,27.16,32.22,0.0,23.54,27.049999999999997,28.369999999999997,39.150000000000006,27.66,21.93,19.14,32.160000000000004,19.54,24.53,28.59,24.77,32.75,17.35,29.45,26.85
"SUMMIT, UT US",12.370000000000001,11.93,10.92,16.5,14.040000000000001,12.35,17.69,12.68,9.28,9.01,5.32,10.2,12.37,11.78,15.0,13.190000000000001,9.780000000000001,7.97,15.8,3.98,12.74,13.65,11.53,15.86,10.89,15.41,12.92,16.74,6.83,10.54,12.969999999999999
"SUNDANCE, UT US",,,,,36.629999999999995,43.08,43.87,36.68,41.42,30.62,25.950000000000003,34.56,39.83,46.32,209.5,34.58,22.65,,,,,,,,,,,,,,
"SUNFLOWER FLAT, UT US",,,,,,,,,,,,,,,,,,,,,,5.4,18.169999999999998,31.96,27.95,20.17,19.07,34.19,12.28,30.07,19.48
"SUNNYSIDE CITY CENT, UT US",16.63,14.040000000000001,13.42,27.8,9.89,12.02,15.23,14.709999999999999,16.92,11.8,10.08,9.379999999999999,20.52,18.31,15.5,10.76,4.42,,,,,,,,,,,,,,
"SUNNYSIDE CITY, UT US",,,,,,,,,,,,,,,,,5.18,11.89,14.69,1.04,8.790000000000001,12.31,,6.98,19.46,13.71,12.61,15.61,5.55,16.919999999999998,12.8
"SUNSET 0.4 SW, UT US",,,,,,,,,,,,,,,,,,,,,,,,,,,,,1.26,0.25,
"SUTHERLAND 1.5 SW, UT US",,,,,,,,,,,,,,,,,,,4.0600000000000005,9.719999999999999,7.41,7.3100000000000005,6.24,,,,,,,,
"SUU RANCH, UT US",,,,,,,,,,,,,,,,,,,,,,4.79,20.67,28.46,27.759999999999998,24.65,25.2,42.94,13.780000000000001,31.700000000000003,25.189999999999998
"SYRACUSE 2.4 S, UT US",,,,,,,,,,,,,,,,,,,,,,,,,,,,,,,4.85
"TAKKA WIIYA, UT US",,,,,,,,,,,,,,,,,,,,,,10.28,22.49,12.08,,,,,,,
"TAYLORSVILLE 0.3 NNW, UT US",,,,,,,,,,,,,,,,,1.94,16.56,20.1,5.17,,,,,,,,,,,
"TAYLORSVILLE 2.4 SW, UT US",,,,,,,,,,,,,,,,,,,3.13,17.61,10.6,10.17,15.52,13.92,11.379999999999999,14.35,10.31,21.15,7.47,15.18,12.02
"TAYLORSVILLE BENNION 2.0 WSW, UT US",,,,,,,,,,,,,,,,,,,,,,4.720000000000001,16.69,12.42,15.71,17.15,11.66,20.39,8.4,12.83,13.94
"TELEGRAPH FLAT KANAB 17 E UTA, UT US",0.0,0.0,0.0,0.0,0.0,0.0,0.0,0.0,0.0,0.0,0.0,0.0,0.0,0.0,0.0,0.0,0.0,0.0,0.0,0.0,0.0,0.0,0.0,0.0,0.0,0.0,0.0,0.0,0.0,0.0,0.0
"TEMPLE FORK, UT US",,,,,,,,,,8.09,24.26,25.759999999999998,29.47,35.16,0.0,19.28,26.45,28.09,33.78,32.67,24.58,20.240000000000002,33.75,22.44,33.03,34.7,21.48,30.36,24.060000000000002,24.17,23.27
"THATCHER 0.2 NE, UT US",,,,,,,,,,,,,,,,,2.15,14.0,18.13,8.35,,5.300000000000001,4.82,15.72,15.85,14.290000000000001,7.41,18.46,6.199999999999999,8.35,9.43
"THATCHER 1.7 ESE, UT US",,,,,,,,,,,,,,,,,,7.17,7.68,13.88,9.65,9.86,11.05,13.77,20.2,15.8,9.02,20.8,7.86,10.52,9.68
"THAYNES CANYON, UT US",28.25,43.72,39.32,0.0,46.739999999999995,34.69,44.3,35.32,33.83,37.97,27.61,32.66,41.54,46.53,0.0,28.96,41.06,33.65,49.94,37.39,28.740000000000002,29.52,33.37,30.3,34.26,38.769999999999996,30.58,51.45,31.28,39.66,30.05
"THIOKOL PROPULSION F S, UT US",8.45,15.1,13.1,3.6,14.98,15.99,20.21,11.67,8.82,11.809999999999999,6.45,7.91,12.36,18.400000000000002,26.8,4.68,3.04,4.58,,,,,,,,,,,,,
"THISTLE FLAT, UT US",,,,,,,,,,,,,,,,,,,,,6.4799999999999995,27.56,26.54,26.28,23.95,26.18,24.99,31.53,19.28,31.84,23.950000000000003
"THOMPSON WELCOME CENTER, UT US",12.17,14.61,10.540000000000001,,,,,,,,,,,,,,,,,,,,,,,,,,0.39,8.18,9.1
"TIMBERLINE, UT US",,,,,,,,,,,,,,,,7.8,25.77,23.07,32.53,27.56,19.38,23.55,22.08,29.27,27.84,22.45,20.7,31.07,12.56,29.07,18.77
"TIMPANOGOS CAVE, UT US",24.580000000000002,31.23,19.81,0.0,23.16,13.37,14.27,21.01,20.1,8.86,14.93,11.870000000000001,15.11,16.68,33.3,12.93,14.24,15.959999999999999,32.42,38.19,22.57,10.01,24.6,33.43,42.28,33.63,33.24,50.31,,,
"TIMPANOGOS DIVIDE, UT US",32.85,43.14,37.75,0.0,47.05,38.13,44.04,33.53,34.44,31.66,27.29,31.64,39.32,48.730000000000004,0.0,28.48,38.019999999999996,41.14,53.66,40.86,34.15,23.490000000000002,33.67,29.13,37.36,39.79,31.44,49.45,21.46,39.46,32.45
"TOM BEST SPRING UTAH, UT US",,,,,,,0.0,0.0,0.0,0.0,0.0,0.0,0.0,0.0,0.0,0.0,0.0,0.0,0.0,0.0,0.0,0.0,0.0,0.0,0.0,0.0,0.0,0.0,0.0,0.0,0.0
"TONY GROVE LAKE, UT US",37.05,52.35,41.36,0.0,59.480000000000004,50.05,53.52,42.55,46.620000000000005,37.36,38.87,46.17,45.160000000000004,50.04,0.0,32.42,48.239999999999995,48.480000000000004,57.730000000000004,57.48,42.150000000000006,28.96,63.85,42.370000000000005,55.86,76.99000000000001,38.8,50.660000000000004,46.36,40.7,44.0
"TONY GROVE RANGER STATION, UT US",,,,,,,,,,,,,,,,,,5.98,35.17,31.98,24.77,14.690000000000001,32.15,22.560000000000002,33.06,37.47,23.79,29.76,25.86,24.27,25.19
"TOOELE 1.3 ENE, UT US",,,,,,,,,,,,,,,,,,,4.6899999999999995,,,,,,,,,,,,
"TOOELE 1.6 NNE, UT US",,,,,,,,,,,,,,,,,,2.33,5.8100000000000005,,,,,,,,,,,,
"TOOELE 1.6 SSW, UT US",,,,,,,,,,,,,,,,,,9.21,,,,,,,,,,,,,
"TOOELE 1.7 N, UT US",,,,,,,,,,,,,,,,,3.62,,1.08,2.52,,,,,,,,,,,
"TOOELE, UT US",12.85,20.75,19.61,52.4,21.43,26.75,26.689999999999998,15.959999999999999,18.46,17.37,13.59,15.5,17.79,23.22,82.1,17.28,17.83,16.07,22.31,19.939999999999998,15.0,19.18,15.41,17.69,16.16,17.88,13.14,20.2,7.66,16.08,12.65
"TORREY 7 E, UT US",,,,,,,,,,,,,,,,0.77,4.06,5.02,12.45,11.11,6.4,11.04,7.18,11.95,8.85,6.03,5.78,10.02,4.88,9.59,4.72
"TREMONTON 0.3 ENE, UT US",,,,,,,,,,,,,,,,,4.99,12.29,,,,,,,,,,,,,
"TREMONTON 1.8 WNW, UT US",,,,,,,,,,,,,,,,,,,,,,,,,,,1.81,19.23,,,
"TREMONTON 2.9 WSW, UT US",,,,,,,,,,,,,,,,,,,,,,,,6.09,8.700000000000001,3.3,12.25,23.88,9.86,12.62,11.77
"TREMONTON, UT US",10.969999999999999,18.94,12.84,19.7,19.35,17.55,23.72,14.459999999999999,15.620000000000001,13.44,12.379999999999999,12.39,17.42,5.01,4.1,4.85,11.68,0.49,0.0,,,,,,,,,,,,
"TRENTON, UT US",9.23,19.65,14.86,47.9,25.1,23.79,23.8,17.9,15.610000000000001,13.7,12.4,5.38,,,,,,10.23,15.43,15.15,7.63,8.54,15.209999999999999,15.469999999999999,20.89,21.509999999999998,12.15,20.2,11.1,12.8,12.32
"TRIAL LAKE, UT US",30.15,38.94,34.75,0.0,51.03,36.160000000000004,41.95,38.07,39.66,29.73,26.95,36.16,35.95,44.94,0.0,28.919999999999998,38.44,38.55,49.36,38.28,31.04,29.82,42.45,33.84,39.75,45.660000000000004,29.5,45.12,25.24,41.35,35.16
"TROPIC 9 SE, UT US",,,,,,,,,,,,,,,,,,1.9300000000000002,14.11,10.1,11.4,10.67,1.7,,,,,,,,
"TROPIC, UT US",13.81,15.08,10.92,0.0,6.5600000000000005,16.12,15.01,8.33,,,,,,,,,,,,,,,,,,,,,,,
"TROUT CREEK, UT US",22.22,27.79,28.62,0.0,29.88,30.04,29.310000000000002,27.83,26.87,25.509999999999998,17.02,26.08,32.660000000000004,29.86,0.0,21.34,23.740000000000002,26.83,28.759999999999998,30.18,18.06,24.75,23.86,28.94,31.86,27.44,19.56,31.04,18.34,27.56,20.56
"TULE VALLEY DELTA 49 W UTAH, UT US",0.0,0.0,0.0,0.0,0.0,0.0,0.0,0.0,0.0,0.0,0.0,0.0,0.0,0.0,0.0,0.0,0.0,0.0,0.0,0.0,0.0,0.0,0.0,0.0,0.0,0.0,0.0,0.0,0.0,0.0,0.0
"UPPER JOES VALLEY, UT US",,,,,,,,,,,,,,,,,,,,,5.4,22.15,24.67,16.24,23.060000000000002,20.56,20.15,27.66,13.96,22.04,20.240000000000002
"UPPER P.R. CANYON UTAH, UT US",0.0,0.0,0.0,0.0,0.0,0.0,0.0,0.0,0.0,0.0,0.0,0.0,0.0,0.0,0.0,0.0,0.0,0.0,0.0,0.0,0.0,0.0,0.0,0.0,0.0,0.0,0.0,0.0,0.0,0.0,0.0
"UPPER SAND WASH UTAH, UT US",0.0,0.0,0.0,0.0,0.0,0.0,0.0,0.0,0.0,0.0,0.0,0.0,0.0,0.0,0.0,0.0,0.0,0.0,0.0,0.0,0.0,0.0,0.0,0.0,0.0,0.0,0.0,0.0,0.0,0.0,0.0
"USU DOC DANIEL, UT US",,,,,,,,,,,,,,,,9.469999999999999,42.160000000000004,39.66,50.15,47.68,35.06,27.57,49.54,32.57,44.65,58.47,33.18,42.85,35.56,35.76,36.18
"UTAH LAKE LEHI, UT US",11.709999999999999,8.39,9.8,2.5,11.49,13.69,17.92,12.57,12.14,7.74,7.16,6.96,,,,,,,,,7.779999999999999,10.06,13.99,11.94,10.72,10.940000000000001,8.58,15.58,4.66,9.7,9.74
"UTAH TEST RANGE, UT US",7.06,13.02,12.19,24.5,7.46,11.42,10.1,7.43,6.23,6.3100000000000005,6.970000000000001,8.24,8.709999999999999,13.68,18.3,9.44,4.61,11.120000000000001,9.969999999999999,10.700000000000001,8.39,9.35,8.86,15.61,10.77,10.6,11.11,16.669999999999998,6.220000000000001,8.52,8.21
"VALLEY OF THE GODS, UT US",,,,,,,,,,,,,,,,,,,,,,,,10.15,7.61,7.09,6.08,10.14,3.86,5.71,8.32
"VERNAL 1.2 SE, UT US",,,,,,,,,,,,,,,,,,,,,,1.9899999999999998,10.0,10.03,6.0600000000000005,,,,,,
"VERNAL 1.5 SSW, UT US",,,,,,,,,,,,,,,,,,,,,,,,,,,,,,,1.97
"VERNAL 1.5 WSW, UT US",,,,,,,,,,,,,,,,,3.25,6.08,11.27,9.81,1.03,,,,,,,,,,
"VERNAL 1.6 W, UT US",,,,,,,,,,,,,,,,,,,,,,,,,,1.24,0.49,,,,
"VERNAL 23 SSE, UT US",,,,,,,,,,,,,,,,,,,,1.4,3.89,7.340000000000001,1.78,,,,,,,,
"VERNAL 3.7 WNW, UT US",,,,,,,,,,,,,,,,,,1.41,11.879999999999999,10.73,6.32,11.77,12.24,6.54,,,,,,,
"VERNAL 9.8 NW, UT US",,,,,,,,,,,,,,,,,,,,3.1100000000000003,,,,,,,,,,,
"VERNAL MUNICIPAL AIRPORT, UT US",,,,,,,7.31,8.9,8.35,7.98,6.36,6.609999999999999,9.15,9.43,0.0,6.69,5.83,5.13,10.0,8.87,4.4799999999999995,9.48,10.23,9.9,13.07,6.76,5.52,10.39,4.78,9.62,5.74
"VERNAL, UT US",8.81,11.02,9.49,6.0,8.92,12.08,9.76,9.07,7.7299999999999995,6.66,5.35,8.34,11.35,11.72,24.2,6.17,9.02,7.8100000000000005,11.97,10.86,6.88,10.86,8.83,10.01,12.7,7.35,5.58,10.76,4.95,10.14,9.629999999999999
"VERNON CREEK, UT US",22.060000000000002,28.96,26.64,0.0,28.54,27.650000000000002,38.43,22.86,32.75,21.44,15.58,23.63,29.54,36.46,0.0,20.85,25.35,23.46,36.730000000000004,25.869999999999997,22.89,18.16,19.57,23.64,24.96,23.669999999999998,19.96,32.370000000000005,9.89,24.28,21.83
"VERNON VERNON 10 N UTAH, UT US",0.0,0.0,0.0,0.0,0.0,0.0,0.0,0.0,0.0,0.0,0.0,0.0,0.0,0.0,0.0,0.0,0.0,0.0,0.0,0.0,0.0,0.0,0.0,0.0,0.0,0.0,0.0,0.0,0.0,0.0,0.0
"VERNON, UT US",9.14,12.0,11.77,33.0,14.95,14.85,16.25,8.35,10.33,9.42,6.09,9.51,11.75,11.78,,4.4399999999999995,4.38,7.16,2.27,3.18,10.5,6.22,8.6,8.129999999999999,8.99,7.85,8.780000000000001,12.59,4.32,7.82,7.22
"VEYO POWERHOUSE, UT US",18.24,17.35,16.97,0.0,14.12,15.46,24.919999999999998,8.32,18.51,11.1,5.09,11.15,18.35,9.13,24.0,9.28,9.780000000000001,8.600000000000001,9.53,4.36,12.91,2.18,1.38,14.52,9.26,7.359999999999999,,,,,
"WAH WAH RANCH, UT US",5.87,6.76,7.47,0.0,4.8,7.3,8.46,4.42,8.54,6.95,3.61,0.55,2.69,4.5600000000000005,,1.13,1.5899999999999999,,,,,,,,,,,,,,
"WANSHIP 1.0 NW, UT US",,,,,,,,,,,,,,,,,,,,,,,,,,,,,,2.94,10.23
"WANSHIP DAM, UT US",8.07,19.66,14.959999999999999,58.4,19.45,16.87,17.19,14.41,15.02,11.41,12.95,16.29,18.34,17.29,90.4,14.23,14.559999999999999,17.78,22.15,20.52,13.620000000000001,13.7,20.55,16.7,16.17,19.0,10.629999999999999,20.21,9.14,15.87,14.9
"WEBER BASIN PUMP PLANT 3, UT US",21.07,29.98,25.33,0.0,30.349999999999998,26.4,35.37,25.08,21.259999999999998,20.73,19.88,21.14,29.08,31.36,0.0,23.4,9.71,,,30.33,20.87,19.05,27.96,26.99,28.19,28.13,20.76,35.67,18.080000000000002,22.66,23.6
"WEBSTER FLAT, UT US",34.87,33.84,26.56,0.0,29.57,31.48,44.44,20.490000000000002,31.590000000000003,21.98,16.48,23.67,35.12,37.75,0.0,25.86,30.09,25.45,45.17,31.34,30.28,25.96,24.78,31.58,32.37,28.16,29.470000000000002,44.09,15.5,36.08,26.37
"WELLINGTON 3 E, UT US",11.370000000000001,9.15,5.6899999999999995,7.0,10.33,8.32,7.66,8.66,9.31,6.7299999999999995,5.52,7.88,11.27,11.15,25.0,5.52,6.92,7.61,10.02,7.81,5.76,11.46,8.47,11.75,8.47,7.91,4.529999999999999,10.49,3.01,7.51,6.529999999999999
"WELLSVILLE 0.4 NW, UT US",,,,,,,,,,,,,,,,,,,,,,,,,,,,,,4.05,
"WENDOVER 1 SSW, UT US",,,,,,,,,,,,,,,,,,,,,,3.36,5.85,7.8100000000000005,8.82,6.92,0.59,,,,
"WENDOVER USAF AUXILIARY FIELD, UT US",1.6300000000000001,3.25,2.69,0.0,1.8,2.45,7.45,2.34,2.47,2.67,1.75,1.6300000000000001,4.09,4.98,0.0,2.43,0.7100000000000001,2.5900000000000003,2.8899999999999997,2.29,0.89,3.6199999999999997,4.15,4.79,4.95,2.38,,,,,
"WEST BOUNTIFUL 1.0 NNE, UT US",,,,,,,,,,,,,,,,,,,,,,,18.080000000000002,21.23,9.2,,,,,,
"WEST FORK HANNA 11 NW, UT US",0.0,0.0,0.0,0.0,0.0,,,,,,,,,,,,,,,,,,,,,,,,,,
"WEST HAVEN 2.0 SW, UT US",,,,,,,,,,,,,,,,,,17.849999999999998,17.37,21.740000000000002,12.14,11.5,14.76,17.8,18.39,14.65,10.56,21.77,8.13,14.29,12.05
"WEST JORDAN 1.6 NNW, UT US",,,,,,,,,,,,,,,,,5.46,1.2,,,,,,,,,,,,,
"WEST JORDAN 2.4 NW, UT US",,,,,,,,,,,,,,,,,,,,,,,,,,,,,,,4.56
"WEST JORDAN 3.5 NE, UT US",,,,,,,,,,,,,,,,,1.09,5.2,2.69,2.3200000000000003,,,,,,,,,,,
"WEST VALLEY CITY 2.5 ESE, UT US",,,,,,,,,,,,,,,,,,4.64,20.13,22.14,13.45,13.75,18.31,17.3,14.58,6.18,,,,,
"WEST WEBER 0.7 E, UT US",,,,,,,,,,,,,,,,,,,,,,,,,,,,,,,7.76
"WEST WEBER 1.0 ESE, UT US",,,,,,,,,,,,,,,,,5.0600000000000005,18.34,19.46,21.59,12.97,11.97,14.73,17.64,19.34,16.9,12.17,21.8,8.219999999999999,13.639999999999999,12.190000000000001
"WHEELER FARM, UT US",,,,,19.47,17.14,29.82,18.31,6.29,,,,,,,,,,,,,,,,,,,,,,
"WHITE RIVER NUMBER 1, UT US",18.13,23.82,20.310000000000002,0.0,31.34,28.31,23.39,18.34,23.92,19.84,16.83,21.95,23.55,23.23,0.0,19.12,21.419999999999998,25.43,29.33,25.93,20.28,21.15,27.36,20.22,24.740000000000002,24.419999999999998,20.29,27.36,15.54,25.24,21.57
"WHITEROCKS 9 N, UT US",,,,,,,,,,,,,,,,,,,,,,,,,,,,,,,0.0
"WIDTSOE 3 NNE, UT US",12.08,12.51,9.99,53.199999999999996,8.39,10.52,17.93,9.6,11.86,9.4,1.53,2.62,9.4,0.0,,,,,,,,,,,,,,,,,
"WIDTSOE NUMBER 3, UT US",27.1,31.509999999999998,22.8,0.0,21.91,30.72,32.43,22.11,29.94,25.45,15.06,18.27,35.33,29.240000000000002,0.0,19.44,19.240000000000002,17.97,36.72,29.17,22.26,33.47,23.080000000000002,32.27,24.64,19.47,22.15,35.07,12.97,27.75,22.65
"WOODROW 0.9 NNW, UT US",,,,,,,,,,,,,,,,,,,,,,1.9300000000000002,1.96,,,,,,,,
"WOODRUFF, UT US",7.33,12.0,8.72,41.5,8.93,15.96,14.969999999999999,10.38,7.55,6.4,8.23,8.67,10.11,10.879999999999999,41.0,7.029999999999999,7.25,9.5,11.04,10.64,7.07,8.59,12.83,10.24,12.49,11.870000000000001,7.24,9.82,4.31,11.57,9.81
"WOODS CROSS 0.5 SW, UT US",,,,,,,,,,,,,,,,,5.1899999999999995,16.69,18.32,18.45,,,,,,,,,,,
"WRIGLEY CREEK, UT US",,,,,,,,,,,,,,,,,,,,,5.0,24.84,25.17,21.74,23.04,23.96,21.47,28.080000000000002,13.370000000000001,24.65,17.75
"YANKEE RESERVOIR, UT US",,,,,,,,,,,,,,,,,,,,,6.0,26.73,23.39,25.75,21.45,23.77,21.38,28.29,11.09,23.439999999999998,19.96
"ZION NATIONAL PARK, UT US",18.33,23.92,14.33,1.0,15.11,17.52,21.27,9.93,12.39,11.93,7.37,13.84,18.509999999999998,23.91,11.0,12.15,13.96,8.95,26.72,13.5,14.31,12.91,13.78,16.95,21.71,14.48,15.83,24.91,9.120000000000001,17.95,14.36
